category,crop_id,crop_name_fao56,root_depth_min_m,root_depth_max_m,p_table22_for_ETc_5mm_day,p_adjustment_formula,kc_ini,kc_ini_min,kc_ini_max,kc_mid,kc_mid_min,kc_mid_max,kc_end,kc_end_min,kc_end_max,max_crop_height_m,max_crop_height_min_m,max_crop_height_max_m,kc_condition,source,kc_source,notes,kc_notes
Small vegetables,broccoli,Broccoli,0.4,0.6,0.45,"p_adj = min(max(p_table22 + 0.04*(5 - ETc_mm_day), 0.1), 0.8)",0.70,0.7,0.7,1.05,1.05,1.05,0.95,0.95,0.95,0.3,0.3,0.3,standard Table 12 row,"FAO Irrigation and Drainage Paper 56, Table 22, Chapter 8","FAO Irrigation and Drainage Paper 56, Table 12, Chapter 6",,
Small vegetables,brussel_sprouts,Brussel Sprouts,0.4,0.6,0.45,"p_adj = min(max(p_table22 + 0.04*(5 - ETc_mm_day), 0.1), 0.8)",0.70,0.7,0.7,1.05,1.05,1.05,0.95,0.95,0.95,0.4,0.4,0.4,standard Table 12 row,"FAO Irrigation and Drainage Paper 56, Table 22, Chapter 8","FAO Irrigation and Drainage Paper 56, Table 12, Chapter 6",,
Small vegetables,cabbage,Cabbage,0.5,0.8,0.45,"p_adj = min(max(p_table22 + 0.04*(5 - ETc_mm_day), 0.1), 0.8)",0.70,0.7,0.7,1.05,1.05,1.05,0.95,0.95,0.95,0.4,0.4,0.4,standard Table 12 row,"FAO Irrigation and Drainage Paper 56, Table 22, Chapter 8","FAO Irrigation and Drainage Paper 56, Table 12, Chapter 6",,
Small vegetables,carrots,Carrots,0.5,1.0,0.35,"p_adj = min(max(p_table22 + 0.04*(5 - ETc_mm_day), 0.1), 0.8)",0.70,0.7,0.7,1.05,1.05,1.05,0.95,0.95,0.95,0.3,0.3,0.3,standard Table 12 row,"FAO Irrigation and Drainage Paper 56, Table 22, Chapter 8","FAO Irrigation and Drainage Paper 56, Table 12, Chapter 6",,
Small vegetables,cauliflower,Cauliflower,0.4,0.7,0.45,"p_adj = min(max(p_table22 + 0.04*(5 - ETc_mm_day), 0.1), 0.8)",0.70,0.7,0.7,1.05,1.05,1.05,0.95,0.95,0.95,0.4,0.4,0.4,standard Table 12 row,"FAO Irrigation and Drainage Paper 56, Table 22, Chapter 8","FAO Irrigation and Drainage Paper 56, Table 12, Chapter 6",,
Small vegetables,celery,Celery,0.3,0.5,0.2,"p_adj = min(max(p_table22 + 0.04*(5 - ETc_mm_day), 0.1), 0.8)",0.70,0.7,0.7,1.05,1.05,1.05,1.00,1.0,1.0,0.6,0.6,0.6,standard Table 12 row,"FAO Irrigation and Drainage Paper 56, Table 22, Chapter 8","FAO Irrigation and Drainage Paper 56, Table 12, Chapter 6",,
Small vegetables,garlic,Garlic,0.3,0.5,0.3,"p_adj = min(max(p_table22 + 0.04*(5 - ETc_mm_day), 0.1), 0.8)",0.70,0.7,0.7,1.00,1.0,1.0,0.70,0.7,0.7,0.3,0.3,0.3,standard Table 12 row,"FAO Irrigation and Drainage Paper 56, Table 22, Chapter 8","FAO Irrigation and Drainage Paper 56, Table 12, Chapter 6",,
Small vegetables,lettuce,Lettuce,0.3,0.5,0.3,"p_adj = min(max(p_table22 + 0.04*(5 - ETc_mm_day), 0.1), 0.8)",0.70,0.7,0.7,1.00,1.0,1.0,0.95,0.95,0.95,0.3,0.3,0.3,standard Table 12 row,"FAO Irrigation and Drainage Paper 56, Table 22, Chapter 8","FAO Irrigation and Drainage Paper 56, Table 12, Chapter 6",,
Small vegetables,onions_dry,Onions - dry,0.3,0.6,0.3,"p_adj = min(max(p_table22 + 0.04*(5 - ETc_mm_day), 0.1), 0.8)",0.70,0.7,0.7,1.05,1.05,1.05,0.75,0.75,0.75,0.4,0.4,0.4,standard Table 12 row,"FAO Irrigation and Drainage Paper 56, Table 22, Chapter 8","FAO Irrigation and Drainage Paper 56, Table 12, Chapter 6",,
Small vegetables,onions_green,Onions - green,0.3,0.6,0.3,"p_adj = min(max(p_table22 + 0.04*(5 - ETc_mm_day), 0.1), 0.8)",0.70,0.7,0.7,1.00,1.0,1.0,1.00,1.0,1.0,0.3,0.3,0.3,standard Table 12 row,"FAO Irrigation and Drainage Paper 56, Table 22, Chapter 8","FAO Irrigation and Drainage Paper 56, Table 12, Chapter 6",,
Small vegetables,onions_seed,Onions - seed,0.3,0.6,0.35,"p_adj = min(max(p_table22 + 0.04*(5 - ETc_mm_day), 0.1), 0.8)",0.70,0.7,0.7,1.05,1.05,1.05,0.80,0.8,0.8,0.5,0.5,0.5,standard Table 12 row,"FAO Irrigation and Drainage Paper 56, Table 22, Chapter 8","FAO Irrigation and Drainage Paper 56, Table 12, Chapter 6",,
Small vegetables,spinach,Spinach,0.3,0.5,0.2,"p_adj = min(max(p_table22 + 0.04*(5 - ETc_mm_day), 0.1), 0.8)",0.70,0.7,0.7,1.00,1.0,1.0,0.95,0.95,0.95,0.3,0.3,0.3,standard Table 12 row,"FAO Irrigation and Drainage Paper 56, Table 22, Chapter 8","FAO Irrigation and Drainage Paper 56, Table 12, Chapter 6",,
Small vegetables,radishes,Radishes,0.3,0.5,0.3,"p_adj = min(max(p_table22 + 0.04*(5 - ETc_mm_day), 0.1), 0.8)",0.70,0.7,0.7,0.90,0.9,0.9,0.85,0.85,0.85,0.3,0.3,0.3,standard Table 12 row,"FAO Irrigation and Drainage Paper 56, Table 22, Chapter 8","FAO Irrigation and Drainage Paper 56, Table 12, Chapter 6",,
Vegetables - Solanaceae,egg_plant,Egg Plant,0.7,1.2,0.45,"p_adj = min(max(p_table22 + 0.04*(5 - ETc_mm_day), 0.1), 0.8)",0.60,0.6,0.6,1.05,1.05,1.05,0.90,0.9,0.9,0.8,0.8,0.8,standard Table 12 row,"FAO Irrigation and Drainage Paper 56, Table 22, Chapter 8","FAO Irrigation and Drainage Paper 56, Table 12, Chapter 6",,
Vegetables - Solanaceae,sweet_peppers_bell,Sweet Peppers (bell),0.5,1.0,0.3,"p_adj = min(max(p_table22 + 0.04*(5 - ETc_mm_day), 0.1), 0.8)",0.60,0.6,0.6,1.05,1.05,1.05,0.90,0.9,0.9,0.7,0.7,0.7,standard Table 12 row,"FAO Irrigation and Drainage Paper 56, Table 22, Chapter 8","FAO Irrigation and Drainage Paper 56, Table 12, Chapter 6",,"FAO-56 footnote: for staked peppers reaching 1.5-2 m, Kc_mid around 1.15 can be used."
Vegetables - Solanaceae,tomato,Tomato,0.7,1.5,0.4,"p_adj = min(max(p_table22 + 0.04*(5 - ETc_mm_day), 0.1), 0.8)",0.60,0.6,0.6,1.15,1.15,1.15,0.70-0.90,0.7,0.9,0.6,0.6,0.6,standard Table 12 row,"FAO Irrigation and Drainage Paper 56, Table 22, Chapter 8","FAO Irrigation and Drainage Paper 56, Table 12, Chapter 6",,"FAO-56 footnote: for staked tomatoes reaching 1.5-2 m, Kc_mid around 1.20 can be used."
Vegetables - Cucurbitaceae,cantaloupe,Cantaloupe,0.9,1.5,0.45,"p_adj = min(max(p_table22 + 0.04*(5 - ETc_mm_day), 0.1), 0.8)",0.50,0.5,0.5,0.85,0.85,0.85,0.60,0.6,0.6,0.3,0.3,0.3,standard Table 12 row,"FAO Irrigation and Drainage Paper 56, Table 22, Chapter 8","FAO Irrigation and Drainage Paper 56, Table 12, Chapter 6",,
Vegetables - Cucurbitaceae,cucumber_fresh_market,Cucumber - Fresh Market,0.7,1.2,0.5,"p_adj = min(max(p_table22 + 0.04*(5 - ETc_mm_day), 0.1), 0.8)",0.60,0.6,0.6,1.00,1.0,1.0,0.75,0.75,0.75,0.3,0.3,0.3,standard Table 12 row,"FAO Irrigation and Drainage Paper 56, Table 22, Chapter 8","FAO Irrigation and Drainage Paper 56, Table 12, Chapter 6",,"FAO-56 footnote: for staked cucumber reaching 1.5-2 m, Kc_mid around 1.15 can be used."
Vegetables - Cucurbitaceae,cucumber_machine_harvest,Cucumber - Machine harvest,0.7,1.2,0.5,"p_adj = min(max(p_table22 + 0.04*(5 - ETc_mm_day), 0.1), 0.8)",0.50,0.5,0.5,1.00,1.0,1.0,0.90,0.9,0.9,0.3,0.3,0.3,standard Table 12 row,"FAO Irrigation and Drainage Paper 56, Table 22, Chapter 8","FAO Irrigation and Drainage Paper 56, Table 12, Chapter 6",,
Vegetables - Cucurbitaceae,pumpkin_winter_squash,"Pumpkin, Winter Squash",1.0,1.5,0.35,"p_adj = min(max(p_table22 + 0.04*(5 - ETc_mm_day), 0.1), 0.8)",0.50,0.5,0.5,1.00,1.0,1.0,0.80,0.8,0.8,0.4,0.4,0.4,standard Table 12 row,"FAO Irrigation and Drainage Paper 56, Table 22, Chapter 8","FAO Irrigation and Drainage Paper 56, Table 12, Chapter 6",,
Vegetables - Cucurbitaceae,squash_zucchini,"Squash, Zucchini",0.6,1.0,0.5,"p_adj = min(max(p_table22 + 0.04*(5 - ETc_mm_day), 0.1), 0.8)",0.50,0.5,0.5,0.95,0.95,0.95,0.75,0.75,0.75,0.3,0.3,0.3,standard Table 12 row,"FAO Irrigation and Drainage Paper 56, Table 22, Chapter 8","FAO Irrigation and Drainage Paper 56, Table 12, Chapter 6",,
Vegetables - Cucurbitaceae,sweet_melons,Sweet Melons,0.8,1.5,0.4,"p_adj = min(max(p_table22 + 0.04*(5 - ETc_mm_day), 0.1), 0.8)",0.50,0.5,0.5,1.05,1.05,1.05,0.75,0.75,0.75,0.4,0.4,0.4,standard Table 12 row,"FAO Irrigation and Drainage Paper 56, Table 22, Chapter 8","FAO Irrigation and Drainage Paper 56, Table 12, Chapter 6",,
Vegetables - Cucurbitaceae,watermelon,Watermelon,0.8,1.5,0.4,"p_adj = min(max(p_table22 + 0.04*(5 - ETc_mm_day), 0.1), 0.8)",0.40,0.4,0.4,1.00,1.0,1.0,0.75,0.75,0.75,0.4,0.4,0.4,standard Table 12 row,"FAO Irrigation and Drainage Paper 56, Table 22, Chapter 8","FAO Irrigation and Drainage Paper 56, Table 12, Chapter 6",,
Roots and tubers,beets_table,"Beets, table",0.6,1.0,0.5,"p_adj = min(max(p_table22 + 0.04*(5 - ETc_mm_day), 0.1), 0.8)",0.50,0.5,0.5,1.05,1.05,1.05,0.95,0.95,0.95,0.4,0.4,0.4,standard Table 12 row,"FAO Irrigation and Drainage Paper 56, Table 22, Chapter 8","FAO Irrigation and Drainage Paper 56, Table 12, Chapter 6",,
Roots and tubers,cassava_year_1,Cassava - year 1,0.5,0.8,0.35,"p_adj = min(max(p_table22 + 0.04*(5 - ETc_mm_day), 0.1), 0.8)",0.30,0.3,0.3,0.80,0.8,0.8,0.30,0.3,0.3,1.0,1.0,1.0,standard Table 12 row,"FAO Irrigation and Drainage Paper 56, Table 22, Chapter 8","FAO Irrigation and Drainage Paper 56, Table 12, Chapter 6",,Mid-season values assume non-stressed conditions during or following the rainy season; end values account for dry-season dormancy.
Roots and tubers,cassava_year_2,Cassava - year 2,0.7,1.0,0.4,"p_adj = min(max(p_table22 + 0.04*(5 - ETc_mm_day), 0.1), 0.8)",0.30,0.3,0.3,1.10,1.1,1.1,0.50,0.5,0.5,1.5,1.5,1.5,standard Table 12 row,"FAO Irrigation and Drainage Paper 56, Table 22, Chapter 8","FAO Irrigation and Drainage Paper 56, Table 12, Chapter 6",,Mid-season values assume non-stressed conditions during or following the rainy season; end values account for dry-season dormancy.
Roots and tubers,parsnip,Parsnip,0.5,1.0,0.4,"p_adj = min(max(p_table22 + 0.04*(5 - ETc_mm_day), 0.1), 0.8)",0.50,0.5,0.5,1.05,1.05,1.05,0.95,0.95,0.95,0.4,0.4,0.4,standard Table 12 row,"FAO Irrigation and Drainage Paper 56, Table 22, Chapter 8","FAO Irrigation and Drainage Paper 56, Table 12, Chapter 6",,
Roots and tubers,potato,Potato,0.4,0.6,0.35,"p_adj = min(max(p_table22 + 0.04*(5 - ETc_mm_day), 0.1), 0.8)",0.50,0.5,0.5,1.15,1.15,1.15,0.75,0.75,0.75,0.6,0.6,0.6,standard Table 12 row,"FAO Irrigation and Drainage Paper 56, Table 22, Chapter 8","FAO Irrigation and Drainage Paper 56, Table 12, Chapter 6",,FAO-56 footnote: Kc_end is about 0.40 for long-season potatoes with vine kill.
Roots and tubers,sweet_potato,Sweet Potato,1.0,1.5,0.65,"p_adj = min(max(p_table22 + 0.04*(5 - ETc_mm_day), 0.1), 0.8)",0.50,0.5,0.5,1.15,1.15,1.15,0.65,0.65,0.65,0.4,0.4,0.4,standard Table 12 row,"FAO Irrigation and Drainage Paper 56, Table 22, Chapter 8","FAO Irrigation and Drainage Paper 56, Table 12, Chapter 6",,
Roots and tubers,turnip_rutabaga,Turnip (and Rutabaga),0.5,1.0,0.5,"p_adj = min(max(p_table22 + 0.04*(5 - ETc_mm_day), 0.1), 0.8)",0.50,0.5,0.5,1.10,1.1,1.1,0.95,0.95,0.95,0.6,0.6,0.6,standard Table 12 row,"FAO Irrigation and Drainage Paper 56, Table 22, Chapter 8","FAO Irrigation and Drainage Paper 56, Table 12, Chapter 6",,
Roots and tubers,sugar_beet,Sugar Beet,0.7,1.2,0.55,"p_adj = min(max(p_table22 + 0.04*(5 - ETc_mm_day), 0.1), 0.8)",0.35,0.35,0.35,1.20,1.2,1.2,0.70,0.7,0.7,0.5,0.5,0.5,standard Table 12 row,"FAO Irrigation and Drainage Paper 56, Table 22, Chapter 8","FAO Irrigation and Drainage Paper 56, Table 12, Chapter 6","Sugar beets can show late afternoon wilting in arid climates even at p < 0.55, usually with minor impact on sugar yield.",FAO-56 footnote: Kc_end can be up to 1.0 if irrigation or significant rain occurs during the last month.
Legumes,beans_green,"Beans, green",0.5,0.7,0.45,"p_adj = min(max(p_table22 + 0.04*(5 - ETc_mm_day), 0.1), 0.8)",0.50,0.5,0.5,1.05,1.05,1.05,0.90,0.9,0.9,0.4,0.4,0.4,standard Table 12 row,"FAO Irrigation and Drainage Paper 56, Table 22, Chapter 8","FAO Irrigation and Drainage Paper 56, Table 12, Chapter 6",,"FAO-56 footnote: for staked green beans reaching 1.5-2 m, Kc_mid around 1.15 can be used."
Legumes,beans_dry_and_pulses,"Beans, dry and Pulses",0.6,0.9,0.45,"p_adj = min(max(p_table22 + 0.04*(5 - ETc_mm_day), 0.1), 0.8)",0.40,0.4,0.4,1.15,1.15,1.15,0.35,0.35,0.35,0.4,0.4,0.4,standard Table 12 row,"FAO Irrigation and Drainage Paper 56, Table 22, Chapter 8","FAO Irrigation and Drainage Paper 56, Table 12, Chapter 6",,"FAO-56 footnote: for staked dry beans reaching 1.5-2 m, Kc_mid around 1.20 can be used."
Legumes,beans_lima_large_vines,"Beans, lima, large vines",0.8,1.2,0.45,"p_adj = min(max(p_table22 + 0.04*(5 - ETc_mm_day), 0.1), 0.8)",,,,,,,,,,,,,not directly listed in Table 12,"FAO Irrigation and Drainage Paper 56, Table 22, Chapter 8","FAO Irrigation and Drainage Paper 56, Table 12, Chapter 6",,No direct Kc row in FAO-56 Table 12 for this Table 22 crop. Consider mapping to green beans or dry beans/pulses depending on harvest/use.
Legumes,chick_pea,Chick pea,0.6,1.0,0.5,"p_adj = min(max(p_table22 + 0.04*(5 - ETc_mm_day), 0.1), 0.8)",0.40,0.4,0.4,1.00,1.0,1.0,0.35,0.35,0.35,0.4,0.4,0.4,standard Table 12 row,"FAO Irrigation and Drainage Paper 56, Table 22, Chapter 8","FAO Irrigation and Drainage Paper 56, Table 12, Chapter 6",,
Legumes,fababean_fresh,Fababean (broad bean) - Fresh,0.5,0.7,0.45,"p_adj = min(max(p_table22 + 0.04*(5 - ETc_mm_day), 0.1), 0.8)",0.50,0.5,0.5,1.15,1.15,1.15,1.10,1.1,1.1,0.8,0.8,0.8,standard Table 12 row,"FAO Irrigation and Drainage Paper 56, Table 22, Chapter 8","FAO Irrigation and Drainage Paper 56, Table 12, Chapter 6",,
Legumes,fababean_dry_seed,Fababean (broad bean) - Dry/Seed,0.5,0.7,0.45,"p_adj = min(max(p_table22 + 0.04*(5 - ETc_mm_day), 0.1), 0.8)",0.50,0.5,0.5,1.15,1.15,1.15,0.30,0.3,0.3,0.8,0.8,0.8,standard Table 12 row,"FAO Irrigation and Drainage Paper 56, Table 22, Chapter 8","FAO Irrigation and Drainage Paper 56, Table 12, Chapter 6",,
Legumes,garbanzo,Garbanzo,0.6,1.0,0.45,"p_adj = min(max(p_table22 + 0.04*(5 - ETc_mm_day), 0.1), 0.8)",0.40,0.4,0.4,1.15,1.15,1.15,0.35,0.35,0.35,0.8,0.8,0.8,standard Table 12 row,"FAO Irrigation and Drainage Paper 56, Table 22, Chapter 8","FAO Irrigation and Drainage Paper 56, Table 12, Chapter 6",FAO-56 table text appears as 'Grabanzo'.,
Legumes,green_gram_and_cowpeas,Green Gram and Cowpeas,0.6,1.0,0.45,"p_adj = min(max(p_table22 + 0.04*(5 - ETc_mm_day), 0.1), 0.8)",0.40,0.4,0.4,1.05,1.05,1.05,0.60-0.35,0.35,0.6,0.4,0.4,0.4,standard Table 12 row,"FAO Irrigation and Drainage Paper 56, Table 22, Chapter 8","FAO Irrigation and Drainage Paper 56, Table 12, Chapter 6",,FAO-56 footnote: first Kc_end is for harvested fresh; second is for harvested dry.
Legumes,groundnut_peanut,Groundnut (Peanut),0.5,1.0,0.5,"p_adj = min(max(p_table22 + 0.04*(5 - ETc_mm_day), 0.1), 0.8)",0.40,0.4,0.4,1.15,1.15,1.15,0.60,0.6,0.6,0.4,0.4,0.4,standard Table 12 row,"FAO Irrigation and Drainage Paper 56, Table 22, Chapter 8","FAO Irrigation and Drainage Paper 56, Table 12, Chapter 6",,
Legumes,lentil,Lentil,0.6,0.8,0.5,"p_adj = min(max(p_table22 + 0.04*(5 - ETc_mm_day), 0.1), 0.8)",0.40,0.4,0.4,1.10,1.1,1.1,0.30,0.3,0.3,0.5,0.5,0.5,standard Table 12 row,"FAO Irrigation and Drainage Paper 56, Table 22, Chapter 8","FAO Irrigation and Drainage Paper 56, Table 12, Chapter 6",,
Legumes,peas_fresh,Peas - Fresh,0.6,1.0,0.35,"p_adj = min(max(p_table22 + 0.04*(5 - ETc_mm_day), 0.1), 0.8)",0.50,0.5,0.5,1.15,1.15,1.15,1.10,1.1,1.1,0.5,0.5,0.5,standard Table 12 row,"FAO Irrigation and Drainage Paper 56, Table 22, Chapter 8","FAO Irrigation and Drainage Paper 56, Table 12, Chapter 6",,"FAO-56 footnote: for staked peas reaching 1.5-2 m, Kc_mid around 1.20 can be used."
Legumes,peas_dry_seed,Peas - Dry/Seed,0.6,1.0,0.4,"p_adj = min(max(p_table22 + 0.04*(5 - ETc_mm_day), 0.1), 0.8)",0.40,0.4,0.4,1.15,1.15,1.15,0.30,0.3,0.3,0.5,0.5,0.5,standard Table 12 row,"FAO Irrigation and Drainage Paper 56, Table 22, Chapter 8","FAO Irrigation and Drainage Paper 56, Table 12, Chapter 6",,"FAO-56 footnote: for staked peas reaching 1.5-2 m, Kc_mid around 1.20 can be used."
Legumes,soybeans,Soybeans,0.6,1.3,0.5,"p_adj = min(max(p_table22 + 0.04*(5 - ETc_mm_day), 0.1), 0.8)",0.40,0.4,0.4,1.15,1.15,1.15,0.50,0.5,0.5,0.5-1.0,0.5,1.0,standard Table 12 row,"FAO Irrigation and Drainage Paper 56, Table 22, Chapter 8","FAO Irrigation and Drainage Paper 56, Table 12, Chapter 6",,
Perennial vegetables,artichokes,Artichokes,0.6,0.9,0.45,"p_adj = min(max(p_table22 + 0.04*(5 - ETc_mm_day), 0.1), 0.8)",0.50,0.5,0.5,1.00,1.0,1.0,0.95,0.95,0.95,0.7,0.7,0.7,standard Table 12 row,"FAO Irrigation and Drainage Paper 56, Table 22, Chapter 8","FAO Irrigation and Drainage Paper 56, Table 12, Chapter 6",With winter dormancy and initially bare or mulched soil.,
Perennial vegetables,asparagus,Asparagus,1.2,1.8,0.45,"p_adj = min(max(p_table22 + 0.04*(5 - ETc_mm_day), 0.1), 0.8)",0.50,0.5,0.5,0.95,0.95,0.95,0.30,0.3,0.3,0.2-0.8,0.2,0.8,standard Table 12 row,"FAO Irrigation and Drainage Paper 56, Table 22, Chapter 8","FAO Irrigation and Drainage Paper 56, Table 12, Chapter 6",With winter dormancy and initially bare or mulched soil.,Kc usually remains at Kc_ini during spear harvest; Kc_mid is for regrowth after harvest termination.
Perennial vegetables,mint,Mint,0.4,0.8,0.4,"p_adj = min(max(p_table22 + 0.04*(5 - ETc_mm_day), 0.1), 0.8)",0.60,0.6,0.6,1.15,1.15,1.15,1.10,1.1,1.1,0.6-0.8,0.6,0.8,standard Table 12 row,"FAO Irrigation and Drainage Paper 56, Table 22, Chapter 8","FAO Irrigation and Drainage Paper 56, Table 12, Chapter 6",With winter dormancy and initially bare or mulched soil.,
Perennial vegetables,strawberries,Strawberries,0.2,0.3,0.2,"p_adj = min(max(p_table22 + 0.04*(5 - ETc_mm_day), 0.1), 0.8)",0.40,0.4,0.4,0.85,0.85,0.85,0.75,0.75,0.75,0.2,0.2,0.2,standard Table 12 row,"FAO Irrigation and Drainage Paper 56, Table 22, Chapter 8","FAO Irrigation and Drainage Paper 56, Table 12, Chapter 6",With winter dormancy and initially bare or mulched soil.,
Fibre crops,cotton,Cotton,1.0,1.7,0.65,"p_adj = min(max(p_table22 + 0.04*(5 - ETc_mm_day), 0.1), 0.8)",0.35,0.35,0.35,1.15-1.20,1.15,1.2,0.70-0.50,0.5,0.7,1.2-1.5,1.2,1.5,standard Table 12 row,"FAO Irrigation and Drainage Paper 56, Table 22, Chapter 8","FAO Irrigation and Drainage Paper 56, Table 12, Chapter 6",,
Fibre crops,flax,Flax,1.0,1.5,0.5,"p_adj = min(max(p_table22 + 0.04*(5 - ETc_mm_day), 0.1), 0.8)",0.35,0.35,0.35,1.10,1.1,1.1,0.25,0.25,0.25,1.2,1.2,1.2,standard Table 12 row,"FAO Irrigation and Drainage Paper 56, Table 22, Chapter 8","FAO Irrigation and Drainage Paper 56, Table 12, Chapter 6",,
Fibre crops,sisal,Sisal,0.5,1.0,0.8,"p_adj = min(max(p_table22 + 0.04*(5 - ETc_mm_day), 0.1), 0.8)",0.35,0.35,0.35,0.4-0.7,0.4,0.7,0.4-0.7,0.4,0.7,1.5,1.5,1.5,standard Table 12 row,"FAO Irrigation and Drainage Paper 56, Table 22, Chapter 8","FAO Irrigation and Drainage Paper 56, Table 12, Chapter 6",,"Kc depends on planting density and water management, including intentional moisture stress."
Oil crops,castorbean,Castorbean (Ricinus),1.0,2.0,0.5,"p_adj = min(max(p_table22 + 0.04*(5 - ETc_mm_day), 0.1), 0.8)",0.35,0.35,0.35,1.15,1.15,1.15,0.55,0.55,0.55,0.3,0.3,0.3,standard Table 12 row,"FAO Irrigation and Drainage Paper 56, Table 22, Chapter 8","FAO Irrigation and Drainage Paper 56, Table 12, Chapter 6",,
Oil crops,rapeseed_canola,"Rapeseed, Canola",1.0,1.5,0.6,"p_adj = min(max(p_table22 + 0.04*(5 - ETc_mm_day), 0.1), 0.8)",0.35,0.35,0.35,1.0-1.15,1.0,1.15,0.35,0.35,0.35,0.6,0.6,0.6,standard Table 12 row,"FAO Irrigation and Drainage Paper 56, Table 22, Chapter 8","FAO Irrigation and Drainage Paper 56, Table 12, Chapter 6",,Lower Kc_mid values are for rainfed crops with less dense plant populations.
Oil crops,safflower,Safflower,1.0,2.0,0.6,"p_adj = min(max(p_table22 + 0.04*(5 - ETc_mm_day), 0.1), 0.8)",0.35,0.35,0.35,1.0-1.15,1.0,1.15,0.25,0.25,0.25,0.8,0.8,0.8,standard Table 12 row,"FAO Irrigation and Drainage Paper 56, Table 22, Chapter 8","FAO Irrigation and Drainage Paper 56, Table 12, Chapter 6",,Lower Kc_mid values are for rainfed crops with less dense plant populations.
Oil crops,sesame,Sesame,1.0,1.5,0.6,"p_adj = min(max(p_table22 + 0.04*(5 - ETc_mm_day), 0.1), 0.8)",0.35,0.35,0.35,1.10,1.1,1.1,0.25,0.25,0.25,1.0,1.0,1.0,standard Table 12 row,"FAO Irrigation and Drainage Paper 56, Table 22, Chapter 8","FAO Irrigation and Drainage Paper 56, Table 12, Chapter 6",,
Oil crops,sunflower,Sunflower,0.8,1.5,0.45,"p_adj = min(max(p_table22 + 0.04*(5 - ETc_mm_day), 0.1), 0.8)",0.35,0.35,0.35,1.0-1.15,1.0,1.15,0.35,0.35,0.35,2.0,2.0,2.0,standard Table 12 row,"FAO Irrigation and Drainage Paper 56, Table 22, Chapter 8","FAO Irrigation and Drainage Paper 56, Table 12, Chapter 6",,Lower Kc_mid values are for rainfed crops with less dense plant populations.
Cereals,barley,Barley,1.0,1.5,0.55,"p_adj = min(max(p_table22 + 0.04*(5 - ETc_mm_day), 0.1), 0.8)",0.30,0.3,0.3,1.15,1.15,1.15,0.25,0.25,0.25,1,1.0,1.0,standard Table 12 row,"FAO Irrigation and Drainage Paper 56, Table 22, Chapter 8","FAO Irrigation and Drainage Paper 56, Table 12, Chapter 6",,
Cereals,oats,Oats,1.0,1.5,0.55,"p_adj = min(max(p_table22 + 0.04*(5 - ETc_mm_day), 0.1), 0.8)",0.30,0.3,0.3,1.15,1.15,1.15,0.25,0.25,0.25,1,1.0,1.0,standard Table 12 row,"FAO Irrigation and Drainage Paper 56, Table 22, Chapter 8","FAO Irrigation and Drainage Paper 56, Table 12, Chapter 6",,
Cereals,spring_wheat,Spring Wheat,1.0,1.5,0.55,"p_adj = min(max(p_table22 + 0.04*(5 - ETc_mm_day), 0.1), 0.8)",0.30,0.3,0.3,1.15,1.15,1.15,0.25-0.40,0.25,0.4,1,1.0,1.0,standard Table 12 row,"FAO Irrigation and Drainage Paper 56, Table 22, Chapter 8","FAO Irrigation and Drainage Paper 56, Table 12, Chapter 6",,Higher Kc_end value is for hand-harvested crops.
Cereals,winter_wheat,Winter Wheat,1.5,1.8,0.55,"p_adj = min(max(p_table22 + 0.04*(5 - ETc_mm_day), 0.1), 0.8)",0.40-0.70,0.4,0.7,1.15,1.15,1.15,0.25-0.40,0.25,0.4,1,1.0,1.0,combined winter wheat variants,"FAO Irrigation and Drainage Paper 56, Table 22, Chapter 8","FAO Irrigation and Drainage Paper 56, Table 12, Chapter 6",,FAO-56 Table 12 separates frozen-soil Kc_ini=0.40 and non-frozen-soil Kc_ini=0.70. Higher Kc_end value is for hand-harvested crops.
Cereals,maize_field_grain_field_corn,"Maize, Field (grain) (field corn)",1.0,1.7,0.55,"p_adj = min(max(p_table22 + 0.04*(5 - ETc_mm_day), 0.1), 0.8)",0.30,0.3,0.3,1.20,1.2,1.2,"0.60,0.35",0.35,0.6,2,2.0,2.0,standard Table 12 row,"FAO Irrigation and Drainage Paper 56, Table 22, Chapter 8","FAO Irrigation and Drainage Paper 56, Table 12, Chapter 6",,First Kc_end is harvest at high grain moisture; second is complete field drying to about 18% moisture.
Cereals,maize_sweet_sweet_corn,"Maize, Sweet (sweet corn)",0.8,1.2,0.5,"p_adj = min(max(p_table22 + 0.04*(5 - ETc_mm_day), 0.1), 0.8)",0.30,0.3,0.3,1.15,1.15,1.15,1.05,1.05,1.05,1.5,1.5,1.5,standard Table 12 row,"FAO Irrigation and Drainage Paper 56, Table 22, Chapter 8","FAO Irrigation and Drainage Paper 56, Table 12, Chapter 6",,"If sweet maize matures and dries in the field, use Kc_end for field maize."
Cereals,millet,Millet,1.0,2.0,0.55,"p_adj = min(max(p_table22 + 0.04*(5 - ETc_mm_day), 0.1), 0.8)",0.30,0.3,0.3,1.00,1.0,1.0,0.30,0.3,0.3,1.5,1.5,1.5,standard Table 12 row,"FAO Irrigation and Drainage Paper 56, Table 22, Chapter 8","FAO Irrigation and Drainage Paper 56, Table 12, Chapter 6",,
Cereals,sorghum_grain,Sorghum - grain,1.0,2.0,0.55,"p_adj = min(max(p_table22 + 0.04*(5 - ETc_mm_day), 0.1), 0.8)",0.30,0.3,0.3,1.00-1.10,1.0,1.1,0.55,0.55,0.55,1-2,1.0,2.0,standard Table 12 row,"FAO Irrigation and Drainage Paper 56, Table 22, Chapter 8","FAO Irrigation and Drainage Paper 56, Table 12, Chapter 6",,
Cereals,sorghum_sweet,Sorghum - sweet,1.0,2.0,0.5,"p_adj = min(max(p_table22 + 0.04*(5 - ETc_mm_day), 0.1), 0.8)",0.30,0.3,0.3,1.20,1.2,1.2,1.05,1.05,1.05,2-4,2.0,4.0,standard Table 12 row,"FAO Irrigation and Drainage Paper 56, Table 22, Chapter 8","FAO Irrigation and Drainage Paper 56, Table 12, Chapter 6",,
Cereals,rice,Rice,0.5,1.0,0.2,"p_adj = min(max(p_table22 + 0.04*(5 - ETc_mm_day), 0.1), 0.8)",1.05,1.05,1.05,1.20,1.2,1.2,0.90-0.60,0.6,0.9,1,1.0,1.0,standard Table 12 row,"FAO Irrigation and Drainage Paper 56, Table 22, Chapter 8","FAO Irrigation and Drainage Paper 56, Table 12, Chapter 6",FAO-56 footnote: p for rice is 0.20 of saturation.,
Forages,alfalfa_hay,Alfalfa - for hay,1.0,2.0,0.55,"p_adj = min(max(p_table22 + 0.04*(5 - ETc_mm_day), 0.1), 0.8)",0.40,0.4,0.4,0.95,0.95,0.95,0.90,0.9,0.9,0.7,0.7,0.7,averaged cutting effects,"FAO Irrigation and Drainage Paper 56, Table 22, Chapter 8","FAO Irrigation and Drainage Paper 56, Table 12, Chapter 6",,"Individual cutting period values in Table 12 are Kc_ini=0.40, Kc_mid=1.20, Kc_end=1.15."
Forages,alfalfa_seed,Alfalfa - for seed,1.0,3.0,0.6,"p_adj = min(max(p_table22 + 0.04*(5 - ETc_mm_day), 0.1), 0.8)",0.40,0.4,0.4,0.50,0.5,0.5,0.50,0.5,0.5,0.7,0.7,0.7,standard Table 12 row,"FAO Irrigation and Drainage Paper 56, Table 22, Chapter 8","FAO Irrigation and Drainage Paper 56, Table 12, Chapter 6",,
Forages,bermuda_hay,Bermuda - for hay,1.0,1.5,0.55,"p_adj = min(max(p_table22 + 0.04*(5 - ETc_mm_day), 0.1), 0.8)",0.55,0.55,0.55,1.00,1.0,1.0,0.85,0.85,0.85,0.35,0.35,0.35,averaged cutting effects,"FAO Irrigation and Drainage Paper 56, Table 22, Chapter 8","FAO Irrigation and Drainage Paper 56, Table 12, Chapter 6",,
Forages,bermuda_spring_crop_for_seed,Bermuda - Spring crop for seed,1.0,1.5,0.6,"p_adj = min(max(p_table22 + 0.04*(5 - ETc_mm_day), 0.1), 0.8)",0.35,0.35,0.35,0.90,0.9,0.9,0.65,0.65,0.65,0.4,0.4,0.4,standard Table 12 row,"FAO Irrigation and Drainage Paper 56, Table 22, Chapter 8","FAO Irrigation and Drainage Paper 56, Table 12, Chapter 6",,
Forages,clover_hay_berseem,"Clover hay, Berseem",0.6,0.9,0.5,"p_adj = min(max(p_table22 + 0.04*(5 - ETc_mm_day), 0.1), 0.8)",0.40,0.4,0.4,0.90,0.9,0.9,0.85,0.85,0.85,0.6,0.6,0.6,averaged cutting effects,"FAO Irrigation and Drainage Paper 56, Table 22, Chapter 8","FAO Irrigation and Drainage Paper 56, Table 12, Chapter 6",,"Individual cutting period values in Table 12 are Kc_ini=0.40, Kc_mid=1.15, Kc_end=1.10."
Forages,rye_grass_hay,Rye Grass hay,0.6,1.0,0.6,"p_adj = min(max(p_table22 + 0.04*(5 - ETc_mm_day), 0.1), 0.8)",0.95,0.95,0.95,1.05,1.05,1.05,1.00,1.0,1.0,0.3,0.3,0.3,averaged cutting effects,"FAO Irrigation and Drainage Paper 56, Table 22, Chapter 8","FAO Irrigation and Drainage Paper 56, Table 12, Chapter 6",,
Forages,sudan_grass_hay_annual,Sudan Grass hay (annual),1.0,1.5,0.55,"p_adj = min(max(p_table22 + 0.04*(5 - ETc_mm_day), 0.1), 0.8)",0.50,0.5,0.5,0.90,0.9,0.9,0.85,0.85,0.85,1.2,1.2,1.2,averaged cutting effects,"FAO Irrigation and Drainage Paper 56, Table 22, Chapter 8","FAO Irrigation and Drainage Paper 56, Table 12, Chapter 6",,"Individual cutting period values in Table 12 are Kc_ini=0.50, Kc_mid=1.15, Kc_end=1.10."
Forages,grazing_pasture_rotated_grazing,Grazing Pasture - Rotated Grazing,0.5,1.5,0.6,"p_adj = min(max(p_table22 + 0.04*(5 - ETc_mm_day), 0.1), 0.8)",0.40,0.4,0.4,0.85-1.05,0.85,1.05,0.85,0.85,0.85,0.15-0.30,0.15,0.3,standard Table 12 row,"FAO Irrigation and Drainage Paper 56, Table 22, Chapter 8","FAO Irrigation and Drainage Paper 56, Table 12, Chapter 6",,
Forages,grazing_pasture_extensive_grazing,Grazing Pasture - Extensive Grazing,0.5,1.5,0.6,"p_adj = min(max(p_table22 + 0.04*(5 - ETc_mm_day), 0.1), 0.8)",0.30,0.3,0.3,0.75,0.75,0.75,0.75,0.75,0.75,0.10,0.1,0.1,standard Table 12 row,"FAO Irrigation and Drainage Paper 56, Table 22, Chapter 8","FAO Irrigation and Drainage Paper 56, Table 12, Chapter 6",,
Forages,turf_grass_cool_season,Turf grass - cool season,0.5,1.0,0.4,"p_adj = min(max(p_table22 + 0.04*(5 - ETc_mm_day), 0.1), 0.8)",0.90,0.9,0.9,0.95,0.95,0.95,0.95,0.95,0.95,0.10,0.1,0.1,standard Table 12 row,"FAO Irrigation and Drainage Paper 56, Table 22, Chapter 8","FAO Irrigation and Drainage Paper 56, Table 12, Chapter 6","Cool season grass varieties include bluegrass, ryegrass and fescue; grass rooting depth is variable.","Where careful water management is practiced and rapid growth is not required, Kc for turf can be reduced by 0.10."
Forages,turf_grass_warm_season,Turf grass - warm season,0.5,1.0,0.5,"p_adj = min(max(p_table22 + 0.04*(5 - ETc_mm_day), 0.1), 0.8)",0.80,0.8,0.8,0.85,0.85,0.85,0.85,0.85,0.85,0.10,0.1,0.1,standard Table 12 row,"FAO Irrigation and Drainage Paper 56, Table 22, Chapter 8","FAO Irrigation and Drainage Paper 56, Table 12, Chapter 6","Warm season varieties include bermuda grass, buffalo grass and St. Augustine grass; grass rooting depth is variable.","Where careful water management is practiced and rapid growth is not required, Kc for turf can be reduced by 0.10."
Sugar cane,sugar_cane,Sugar Cane,1.2,2.0,0.65,"p_adj = min(max(p_table22 + 0.04*(5 - ETc_mm_day), 0.1), 0.8)",0.40,0.4,0.4,1.25,1.25,1.25,0.75,0.75,0.75,3,3.0,3.0,standard Table 12 row,"FAO Irrigation and Drainage Paper 56, Table 22, Chapter 8","FAO Irrigation and Drainage Paper 56, Table 12, Chapter 6",,
Tropical fruits and trees,banana_1st_year,Banana - 1st year,0.5,0.9,0.35,"p_adj = min(max(p_table22 + 0.04*(5 - ETc_mm_day), 0.1), 0.8)",0.50,0.5,0.5,1.10,1.1,1.1,1.00,1.0,1.0,3,3.0,3.0,standard Table 12 row,"FAO Irrigation and Drainage Paper 56, Table 22, Chapter 8","FAO Irrigation and Drainage Paper 56, Table 12, Chapter 6",,
Tropical fruits and trees,banana_2nd_year,Banana - 2nd year,0.5,0.9,0.35,"p_adj = min(max(p_table22 + 0.04*(5 - ETc_mm_day), 0.1), 0.8)",1.00,1.0,1.0,1.20,1.2,1.2,1.10,1.1,1.1,4,4.0,4.0,standard Table 12 row,"FAO Irrigation and Drainage Paper 56, Table 22, Chapter 8","FAO Irrigation and Drainage Paper 56, Table 12, Chapter 6",,
Tropical fruits and trees,cacao,Cacao,0.7,1.0,0.3,"p_adj = min(max(p_table22 + 0.04*(5 - ETc_mm_day), 0.1), 0.8)",1.00,1.0,1.0,1.05,1.05,1.05,1.05,1.05,1.05,3,3.0,3.0,standard Table 12 row,"FAO Irrigation and Drainage Paper 56, Table 22, Chapter 8","FAO Irrigation and Drainage Paper 56, Table 12, Chapter 6",,
Tropical fruits and trees,coffee,Coffee,0.9,1.5,0.4,"p_adj = min(max(p_table22 + 0.04*(5 - ETc_mm_day), 0.1), 0.8)",0.90-1.05,0.9,1.05,0.95-1.10,0.95,1.1,0.95-1.10,0.95,1.1,2-3,2.0,3.0,combined coffee variants,"FAO Irrigation and Drainage Paper 56, Table 22, Chapter 8","FAO Irrigation and Drainage Paper 56, Table 12, Chapter 6",,"FAO-56 Table 12 separates coffee with bare ground cover (0.90,0.95,0.95) and with weeds (1.05,1.10,1.10)."
Tropical fruits and trees,date_palms,Date Palms,1.5,2.5,0.5,"p_adj = min(max(p_table22 + 0.04*(5 - ETc_mm_day), 0.1), 0.8)",0.90,0.9,0.9,0.95,0.95,0.95,0.95,0.95,0.95,8,8.0,8.0,standard Table 12 row,"FAO Irrigation and Drainage Paper 56, Table 22, Chapter 8","FAO Irrigation and Drainage Paper 56, Table 12, Chapter 6",,
Tropical fruits and trees,palm_trees,Palm Trees,0.7,1.1,0.65,"p_adj = min(max(p_table22 + 0.04*(5 - ETc_mm_day), 0.1), 0.8)",0.95,0.95,0.95,1.00,1.0,1.0,1.00,1.0,1.0,8,8.0,8.0,standard Table 12 row,"FAO Irrigation and Drainage Paper 56, Table 22, Chapter 8","FAO Irrigation and Drainage Paper 56, Table 12, Chapter 6",,
Tropical fruits and trees,pineapple,Pineapple,0.3,0.6,0.5,"p_adj = min(max(p_table22 + 0.04*(5 - ETc_mm_day), 0.1), 0.8)",0.50,0.5,0.5,0.30-0.50,0.3,0.5,0.30-0.50,0.3,0.5,0.6-1.2,0.6,1.2,combined pineapple variants,"FAO Irrigation and Drainage Paper 56, Table 22, Chapter 8","FAO Irrigation and Drainage Paper 56, Table 12, Chapter 6",,"FAO-56 Table 12 separates pineapple with bare soil (0.50,0.30,0.30) and grass cover (0.50,0.50,0.50). Values assume 50% black plastic mulch and sprinkler irrigation; drip beneath mulch may reduce Kc by 0.10."
Tropical fruits and trees,rubber_trees,Rubber Trees,1.0,1.5,0.4,"p_adj = min(max(p_table22 + 0.04*(5 - ETc_mm_day), 0.1), 0.8)",0.95,0.95,0.95,1.00,1.0,1.0,1.00,1.0,1.0,10,10.0,10.0,standard Table 12 row,"FAO Irrigation and Drainage Paper 56, Table 22, Chapter 8","FAO Irrigation and Drainage Paper 56, Table 12, Chapter 6",,
Tropical fruits and trees,tea_non_shaded,Tea - non-shaded,0.9,1.5,0.4,"p_adj = min(max(p_table22 + 0.04*(5 - ETc_mm_day), 0.1), 0.8)",0.95,0.95,0.95,1.00,1.0,1.0,1.00,1.0,1.0,1.5,1.5,1.5,standard Table 12 row,"FAO Irrigation and Drainage Paper 56, Table 22, Chapter 8","FAO Irrigation and Drainage Paper 56, Table 12, Chapter 6",,
Tropical fruits and trees,tea_shaded,Tea - shaded,0.9,1.5,0.45,"p_adj = min(max(p_table22 + 0.04*(5 - ETc_mm_day), 0.1), 0.8)",1.10,1.1,1.1,1.15,1.15,1.15,1.15,1.15,1.15,2,2.0,2.0,standard Table 12 row,"FAO Irrigation and Drainage Paper 56, Table 22, Chapter 8","FAO Irrigation and Drainage Paper 56, Table 12, Chapter 6",,Includes water requirements of shade trees.
Grapes and berries,berries_bushes,Berries (bushes),0.6,1.2,0.5,"p_adj = min(max(p_table22 + 0.04*(5 - ETc_mm_day), 0.1), 0.8)",0.30,0.3,0.3,1.05,1.05,1.05,0.50,0.5,0.5,1.5,1.5,1.5,standard Table 12 row,"FAO Irrigation and Drainage Paper 56, Table 22, Chapter 8","FAO Irrigation and Drainage Paper 56, Table 12, Chapter 6",,
Grapes and berries,grapes_table_or_raisin,Grapes - Table or Raisin,1.0,2.0,0.35,"p_adj = min(max(p_table22 + 0.04*(5 - ETc_mm_day), 0.1), 0.8)",0.30,0.3,0.3,0.85,0.85,0.85,0.45,0.45,0.45,2,2.0,2.0,standard Table 12 row,"FAO Irrigation and Drainage Paper 56, Table 22, Chapter 8","FAO Irrigation and Drainage Paper 56, Table 12, Chapter 6",,
Grapes and berries,grapes_wine,Grapes - Wine,1.0,2.0,0.45,"p_adj = min(max(p_table22 + 0.04*(5 - ETc_mm_day), 0.1), 0.8)",0.30,0.3,0.3,0.70,0.7,0.7,0.45,0.45,0.45,1.5-2,1.5,2.0,standard Table 12 row,"FAO Irrigation and Drainage Paper 56, Table 22, Chapter 8","FAO Irrigation and Drainage Paper 56, Table 12, Chapter 6",,
Grapes and berries,hops,Hops,1.0,1.2,0.5,"p_adj = min(max(p_table22 + 0.04*(5 - ETc_mm_day), 0.1), 0.8)",0.30,0.3,0.3,1.05,1.05,1.05,0.85,0.85,0.85,5,5.0,5.0,standard Table 12 row,"FAO Irrigation and Drainage Paper 56, Table 22, Chapter 8","FAO Irrigation and Drainage Paper 56, Table 12, Chapter 6",,
Fruit trees,almonds,Almonds,1.0,2.0,0.4,"p_adj = min(max(p_table22 + 0.04*(5 - ETc_mm_day), 0.1), 0.8)",0.40,0.4,0.4,0.90,0.9,0.9,0.65,0.65,0.65,5,5.0,5.0,no ground cover,"FAO Irrigation and Drainage Paper 56, Table 22, Chapter 8","FAO Irrigation and Drainage Paper 56, Table 12, Chapter 6",,
Fruit trees,apples_cherries_pears,"Apples, Cherries, Pears",1.0,2.0,0.5,"p_adj = min(max(p_table22 + 0.04*(5 - ETc_mm_day), 0.1), 0.8)",0.45-0.80,0.45,0.8,0.95-1.20,0.95,1.2,0.70-0.95,0.7,0.95,4,4.0,4.0,combined fruit-tree variants,"FAO Irrigation and Drainage Paper 56, Table 22, Chapter 8","FAO Irrigation and Drainage Paper 56, Table 12, Chapter 6",,FAO-56 Table 12 provides variants for no/active ground cover and killing frost/no frost.
Fruit trees,apricots_peaches_stone_fruit,"Apricots, Peaches, Stone Fruit",1.0,2.0,0.5,"p_adj = min(max(p_table22 + 0.04*(5 - ETc_mm_day), 0.1), 0.8)",0.45-0.80,0.45,0.8,0.90-1.15,0.9,1.15,0.65-0.90,0.65,0.9,3,3.0,3.0,combined fruit-tree variants,"FAO Irrigation and Drainage Paper 56, Table 22, Chapter 8","FAO Irrigation and Drainage Paper 56, Table 12, Chapter 6",,"FAO-56 Table 12 provides variants for no/active ground cover and killing frost/no frost. Stone fruit includes peaches, apricots, pears, plums and pecans."
Fruit trees,avocado,Avocado,0.5,1.0,0.7,"p_adj = min(max(p_table22 + 0.04*(5 - ETc_mm_day), 0.1), 0.8)",0.60,0.6,0.6,0.85,0.85,0.85,0.75,0.75,0.75,3,3.0,3.0,no ground cover,"FAO Irrigation and Drainage Paper 56, Table 22, Chapter 8","FAO Irrigation and Drainage Paper 56, Table 12, Chapter 6",,
Fruit trees,citrus_70_percent_canopy,Citrus - 70% canopy,1.2,1.5,0.5,"p_adj = min(max(p_table22 + 0.04*(5 - ETc_mm_day), 0.1), 0.8)",0.70,0.7,0.7,0.65,0.65,0.65,0.70,0.7,0.7,4,4.0,4.0,no ground cover,"FAO Irrigation and Drainage Paper 56, Table 22, Chapter 8","FAO Irrigation and Drainage Paper 56, Table 12, Chapter 6",,"FAO-56 Table 12 also provides active-ground-cover values: 0.75, 0.70, 0.75."
Fruit trees,citrus_50_percent_canopy,Citrus - 50% canopy,1.1,1.5,0.5,"p_adj = min(max(p_table22 + 0.04*(5 - ETc_mm_day), 0.1), 0.8)",0.65,0.65,0.65,0.60,0.6,0.6,0.65,0.65,0.65,3,3.0,3.0,no ground cover,"FAO Irrigation and Drainage Paper 56, Table 22, Chapter 8","FAO Irrigation and Drainage Paper 56, Table 12, Chapter 6",,"FAO-56 Table 12 also provides active-ground-cover values: 0.80, 0.80, 0.80."
Fruit trees,citrus_20_percent_canopy,Citrus - 20% canopy,0.8,1.1,0.5,"p_adj = min(max(p_table22 + 0.04*(5 - ETc_mm_day), 0.1), 0.8)",0.50,0.5,0.5,0.45,0.45,0.45,0.55,0.55,0.55,2,2.0,2.0,no ground cover,"FAO Irrigation and Drainage Paper 56, Table 22, Chapter 8","FAO Irrigation and Drainage Paper 56, Table 12, Chapter 6",,"FAO-56 Table 12 also provides active-ground-cover values: 0.85, 0.85, 0.85."
Fruit trees,conifer_trees,Conifer Trees,1.0,1.5,0.7,"p_adj = min(max(p_table22 + 0.04*(5 - ETc_mm_day), 0.1), 0.8)",1.00,1.0,1.0,1.00,1.0,1.0,1.00,1.0,1.0,10,10.0,10.0,standard Table 12 row,"FAO Irrigation and Drainage Paper 56, Table 22, Chapter 8","FAO Irrigation and Drainage Paper 56, Table 12, Chapter 6",,Kc can reduce below the listed values due to stomatal control; values are for well-watered large forests.
Fruit trees,kiwi,Kiwi,0.7,1.3,0.35,"p_adj = min(max(p_table22 + 0.04*(5 - ETc_mm_day), 0.1), 0.8)",0.40,0.4,0.4,1.05,1.05,1.05,1.05,1.05,1.05,3,3.0,3.0,standard Table 12 row,"FAO Irrigation and Drainage Paper 56, Table 22, Chapter 8","FAO Irrigation and Drainage Paper 56, Table 12, Chapter 6",,
Fruit trees,olives_40_60_percent_canopy,Olives (40 to 60% ground coverage by canopy),1.2,1.7,0.65,"p_adj = min(max(p_table22 + 0.04*(5 - ETc_mm_day), 0.1), 0.8)",0.65,0.65,0.65,0.70,0.7,0.7,0.70,0.7,0.7,3-5,3.0,5.0,standard Table 12 row,"FAO Irrigation and Drainage Paper 56, Table 22, Chapter 8","FAO Irrigation and Drainage Paper 56, Table 12, Chapter 6",,Values represent about 40-60% ground cover.
Fruit trees,pistachios,Pistachios,1.0,1.5,0.4,"p_adj = min(max(p_table22 + 0.04*(5 - ETc_mm_day), 0.1), 0.8)",0.40,0.4,0.4,1.10,1.1,1.1,0.45,0.45,0.45,3-5,3.0,5.0,no ground cover,"FAO Irrigation and Drainage Paper 56, Table 22, Chapter 8","FAO Irrigation and Drainage Paper 56, Table 12, Chapter 6",,
Fruit trees,walnut_orchard,Walnut Orchard,1.7,2.4,0.5,"p_adj = min(max(p_table22 + 0.04*(5 - ETc_mm_day), 0.1), 0.8)",0.50,0.5,0.5,1.10,1.1,1.1,0.65,0.65,0.65,4-5,4.0,5.0,standard Table 12 row,"FAO Irrigation and Drainage Paper 56, Table 22, Chapter 8","FAO Irrigation and Drainage Paper 56, Table 12, Chapter 6",,
