name,root_depth_max_m,Kc_ini,Kc_mid,Kc_end
broccoli,0.6,0.70,1.05,0.95
brussel_sprouts,0.6,0.70,1.05,0.95
cabbage,0.8,0.70,1.05,0.95
carrot,1.0,0.70,1.05,0.95
cauliflower,0.7,0.70,1.05,0.95
celery,0.5,0.70,1.05,1.00
garlic,0.5,0.70,1.00,0.70
lettuce,0.5,0.70,1.00,0.95
onion_dry,0.6,0.70,1.05,0.75
onion_green,0.6,0.70,1.00,1.00
onion_seed,0.6,0.70,1.05,0.80
spinach,0.5,0.70,1.00,0.95
radish,0.5,0.70,0.90,0.85
eggplant,1.2,0.60,1.05,0.90
sweet_pepper,1.0,0.60,1.05,0.90
tomato,1.5,0.60,1.15,0.70-0.90
cantaloupe,1.5,0.50,0.85,0.60
cucumber_fresh,1.2,0.60,1.00,0.75
cucumber_machine,1.2,0.50,1.00,0.90
pumpkin_winter_squash,1.5,0.50,1.00,0.80
zucchini,1.0,0.50,0.95,0.75
sweet_melon,1.5,0.50,1.05,0.75
watermelon,1.5,0.40,1.00,0.75
beet_table,1.0,0.50,1.05,0.95
cassava_year1,0.8,0.30,0.80,0.30
cassava_year2,1.0,0.30,1.10,0.50
parsnip,1.0,0.50,1.05,0.95
potato,0.6,0.50,1.15,0.75
sweet_potato,1.5,0.50,1.15,0.65
turnip_rutabaga,1.0,0.50,1.10,0.95
sugar_beet,1.2,0.35,1.20,0.70
bean_green,0.7,0.50,1.05,0.90
bean_dry_pulses,0.9,0.40,1.15,0.35
chickpea,1.0,0.40,1.00,0.35
fababean_fresh,0.7,0.50,1.15,1.10
fababean_dry_seed,0.7,0.50,1.15,0.30
garbanzo,1.0,0.40,1.15,0.35
green_gram_cowpea,1.0,0.40,1.05,0.60-0.35
groundnut,1.0,0.40,1.15,0.60
lentil,0.8,0.40,1.10,0.30
pea_fresh,1.0,0.50,1.15,1.10
pea_dry_seed,1.0,0.40,1.15,0.30
soybean,1.3,0.40,1.15,0.50
artichoke,0.9,0.50,1.00,0.95
asparagus,1.8,0.50,0.95,0.30
mint,0.8,0.60,1.15,1.10
strawberry,0.3,0.40,0.85,0.75
cotton,1.7,0.35,1.15-1.20,0.70-0.50
flax,1.5,0.35,1.10,0.25
sisal,1.0,0.35,0.4-0.7,0.4-0.7
castorbean,2.0,0.35,1.15,0.55
rapeseed_canola,1.5,0.35,1.0-1.15,0.35
safflower,2.0,0.35,1.0-1.15,0.25
sesame,1.5,0.35,1.10,0.25
sunflower,1.5,0.35,1.0-1.15,0.35
barley,1.5,0.30,1.15,0.25
oat,1.5,0.30,1.15,0.25
wheat_spring,1.5,0.30,1.15,0.25-0.40
wheat_winter_frozen_soil,1.8,0.40,1.15,0.25-0.40
wheat_winter_nonfrozen_soil,1.8,0.70,1.15,0.25-0.40
maize_field,1.7,0.30,1.20,0.60 or 0.35
maize_sweet,1.2,0.30,1.15,1.05
millet,2.0,0.30,1.00,0.30
sorghum_grain,2.0,0.30,1.00-1.10,0.55
sorghum_sweet,2.0,0.30,1.20,1.05
rice,1.0,1.05,1.20,0.90-0.60
alfalfa_hay_avg,2.0,0.40,0.95,0.90
alfalfa_hay_cutting,2.0,0.40,1.20,1.15
alfalfa_seed,3.0,0.40,0.50,0.50
bermuda_hay_avg,1.5,0.55,1.00,0.85
bermuda_seed_spring,1.5,0.35,0.90,0.65
clover_berseem_hay_avg,0.9,0.40,0.90,0.85
clover_berseem_hay_cutting,0.9,0.40,1.15,1.10
ryegrass_hay_avg,1.0,0.95,1.05,1.00
sudangrass_hay_avg,1.5,0.50,0.90,0.85
sudangrass_hay_cutting,1.5,0.50,1.15,1.10
pasture_rotated,1.5,0.40,0.85-1.05,0.85
pasture_extensive,1.5,0.30,0.75,0.75
turfgrass_cool,1.0,0.90,0.95,0.95
turfgrass_warm,1.0,0.80,0.85,0.85
sugarcane,2.0,0.40,1.25,0.75
banana_year1,0.9,0.50,1.10,1.00
banana_year2,0.9,1.00,1.20,1.10
cacao,1.0,1.00,1.05,1.05
coffee_bare,1.5,0.90,0.95,0.95
coffee_weeds,1.5,1.05,1.10,1.10
date_palm,2.5,0.90,0.95,0.95
palm_tree,1.1,0.95,1.00,1.00
pineapple_bare,0.6,0.50,0.30,0.30
pineapple_grass,0.6,0.50,0.50,0.50
rubber_tree,1.5,0.95,1.00,1.00
tea_nonshaded,1.5,0.95,1.00,1.00
tea_shaded,1.5,1.10,1.15,1.15
berry_bush,1.2,0.30,1.05,0.50
grape_table_raisin,2.0,0.30,0.85,0.45
grape_wine,2.0,0.30,0.70,0.45
hop,1.2,0.30,1.05,0.85
almond_bare,2.0,0.40,0.90,0.65
pome_fruit_bare_frost,2.0,0.45,0.95,0.70
pome_fruit_bare_nofrost,2.0,0.60,0.95,0.75
pome_fruit_cover_frost,2.0,0.50,1.20,0.95
pome_fruit_cover_nofrost,2.0,0.80,1.20,0.85
stone_fruit_bare_frost,2.0,0.45,0.90,0.65
stone_fruit_bare_nofrost,2.0,0.55,0.90,0.65
stone_fruit_cover_frost,2.0,0.50,1.15,0.90
stone_fruit_cover_nofrost,2.0,0.80,1.15,0.85
avocado_bare,1.0,0.60,0.85,0.75
citrus_bare_70_canopy,1.5,0.70,0.65,0.70
citrus_bare_50_canopy,1.5,0.65,0.60,0.65
citrus_bare_20_canopy,1.1,0.50,0.45,0.55
citrus_cover_70_canopy,1.5,0.75,0.70,0.75
citrus_cover_50_canopy,1.5,0.80,0.80,0.80
citrus_cover_20_canopy,1.1,0.85,0.85,0.85
conifer_tree,1.5,1.00,1.00,1.00
kiwi,1.3,0.40,1.05,1.05
olive_40_60_canopy,1.7,0.65,0.70,0.70
pistachio_bare,1.5,0.40,1.10,0.45
walnut_orchard,2.4,0.50,1.10,0.65
