category,crop_id,crop_name_fao56,root_depth_min_m,root_depth_max_m,p_table22_for_ETc_5mm_day,p_adjustment_formula,source,notes
Small vegetables,broccoli,Broccoli,0.4,0.6,0.45,"p_adj = min(max(p_table22 + 0.04*(5 - ETc_mm_day), 0.1), 0.8)","FAO Irrigation and Drainage Paper 56, Table 22, Chapter 8",
Small vegetables,brussel_sprouts,Brussel Sprouts,0.4,0.6,0.45,"p_adj = min(max(p_table22 + 0.04*(5 - ETc_mm_day), 0.1), 0.8)","FAO Irrigation and Drainage Paper 56, Table 22, Chapter 8",
Small vegetables,cabbage,Cabbage,0.5,0.8,0.45,"p_adj = min(max(p_table22 + 0.04*(5 - ETc_mm_day), 0.1), 0.8)","FAO Irrigation and Drainage Paper 56, Table 22, Chapter 8",
Small vegetables,carrots,Carrots,0.5,1.0,0.35,"p_adj = min(max(p_table22 + 0.04*(5 - ETc_mm_day), 0.1), 0.8)","FAO Irrigation and Drainage Paper 56, Table 22, Chapter 8",
Small vegetables,cauliflower,Cauliflower,0.4,0.7,0.45,"p_adj = min(max(p_table22 + 0.04*(5 - ETc_mm_day), 0.1), 0.8)","FAO Irrigation and Drainage Paper 56, Table 22, Chapter 8",
Small vegetables,celery,Celery,0.3,0.5,0.2,"p_adj = min(max(p_table22 + 0.04*(5 - ETc_mm_day), 0.1), 0.8)","FAO Irrigation and Drainage Paper 56, Table 22, Chapter 8",
Small vegetables,garlic,Garlic,0.3,0.5,0.3,"p_adj = min(max(p_table22 + 0.04*(5 - ETc_mm_day), 0.1), 0.8)","FAO Irrigation and Drainage Paper 56, Table 22, Chapter 8",
Small vegetables,lettuce,Lettuce,0.3,0.5,0.3,"p_adj = min(max(p_table22 + 0.04*(5 - ETc_mm_day), 0.1), 0.8)","FAO Irrigation and Drainage Paper 56, Table 22, Chapter 8",
Small vegetables,onions_dry,Onions - dry,0.3,0.6,0.3,"p_adj = min(max(p_table22 + 0.04*(5 - ETc_mm_day), 0.1), 0.8)","FAO Irrigation and Drainage Paper 56, Table 22, Chapter 8",
Small vegetables,onions_green,Onions - green,0.3,0.6,0.3,"p_adj = min(max(p_table22 + 0.04*(5 - ETc_mm_day), 0.1), 0.8)","FAO Irrigation and Drainage Paper 56, Table 22, Chapter 8",
Small vegetables,onions_seed,Onions - seed,0.3,0.6,0.35,"p_adj = min(max(p_table22 + 0.04*(5 - ETc_mm_day), 0.1), 0.8)","FAO Irrigation and Drainage Paper 56, Table 22, Chapter 8",
Small vegetables,spinach,Spinach,0.3,0.5,0.2,"p_adj = min(max(p_table22 + 0.04*(5 - ETc_mm_day), 0.1), 0.8)","FAO Irrigation and Drainage Paper 56, Table 22, Chapter 8",
Small vegetables,radishes,Radishes,0.3,0.5,0.3,"p_adj = min(max(p_table22 + 0.04*(5 - ETc_mm_day), 0.1), 0.8)","FAO Irrigation and Drainage Paper 56, Table 22, Chapter 8",
Vegetables - Solanaceae,egg_plant,Egg Plant,0.7,1.2,0.45,"p_adj = min(max(p_table22 + 0.04*(5 - ETc_mm_day), 0.1), 0.8)","FAO Irrigation and Drainage Paper 56, Table 22, Chapter 8",
Vegetables - Solanaceae,sweet_peppers_bell,Sweet Peppers (bell),0.5,1.0,0.3,"p_adj = min(max(p_table22 + 0.04*(5 - ETc_mm_day), 0.1), 0.8)","FAO Irrigation and Drainage Paper 56, Table 22, Chapter 8",
Vegetables - Solanaceae,tomato,Tomato,0.7,1.5,0.4,"p_adj = min(max(p_table22 + 0.04*(5 - ETc_mm_day), 0.1), 0.8)","FAO Irrigation and Drainage Paper 56, Table 22, Chapter 8",
Vegetables - Cucurbitaceae,cantaloupe,Cantaloupe,0.9,1.5,0.45,"p_adj = min(max(p_table22 + 0.04*(5 - ETc_mm_day), 0.1), 0.8)","FAO Irrigation and Drainage Paper 56, Table 22, Chapter 8",
Vegetables - Cucurbitaceae,cucumber_fresh_market,Cucumber - Fresh Market,0.7,1.2,0.5,"p_adj = min(max(p_table22 + 0.04*(5 - ETc_mm_day), 0.1), 0.8)","FAO Irrigation and Drainage Paper 56, Table 22, Chapter 8",
Vegetables - Cucurbitaceae,cucumber_machine_harvest,Cucumber - Machine harvest,0.7,1.2,0.5,"p_adj = min(max(p_table22 + 0.04*(5 - ETc_mm_day), 0.1), 0.8)","FAO Irrigation and Drainage Paper 56, Table 22, Chapter 8",
Vegetables - Cucurbitaceae,pumpkin_winter_squash,"Pumpkin, Winter Squash",1.0,1.5,0.35,"p_adj = min(max(p_table22 + 0.04*(5 - ETc_mm_day), 0.1), 0.8)","FAO Irrigation and Drainage Paper 56, Table 22, Chapter 8",
Vegetables - Cucurbitaceae,squash_zucchini,"Squash, Zucchini",0.6,1.0,0.5,"p_adj = min(max(p_table22 + 0.04*(5 - ETc_mm_day), 0.1), 0.8)","FAO Irrigation and Drainage Paper 56, Table 22, Chapter 8",
Vegetables - Cucurbitaceae,sweet_melons,Sweet Melons,0.8,1.5,0.4,"p_adj = min(max(p_table22 + 0.04*(5 - ETc_mm_day), 0.1), 0.8)","FAO Irrigation and Drainage Paper 56, Table 22, Chapter 8",
Vegetables - Cucurbitaceae,watermelon,Watermelon,0.8,1.5,0.4,"p_adj = min(max(p_table22 + 0.04*(5 - ETc_mm_day), 0.1), 0.8)","FAO Irrigation and Drainage Paper 56, Table 22, Chapter 8",
Roots and tubers,beets_table,"Beets, table",0.6,1.0,0.5,"p_adj = min(max(p_table22 + 0.04*(5 - ETc_mm_day), 0.1), 0.8)","FAO Irrigation and Drainage Paper 56, Table 22, Chapter 8",
Roots and tubers,cassava_year_1,Cassava - year 1,0.5,0.8,0.35,"p_adj = min(max(p_table22 + 0.04*(5 - ETc_mm_day), 0.1), 0.8)","FAO Irrigation and Drainage Paper 56, Table 22, Chapter 8",
Roots and tubers,cassava_year_2,Cassava - year 2,0.7,1.0,0.4,"p_adj = min(max(p_table22 + 0.04*(5 - ETc_mm_day), 0.1), 0.8)","FAO Irrigation and Drainage Paper 56, Table 22, Chapter 8",
Roots and tubers,parsnip,Parsnip,0.5,1.0,0.4,"p_adj = min(max(p_table22 + 0.04*(5 - ETc_mm_day), 0.1), 0.8)","FAO Irrigation and Drainage Paper 56, Table 22, Chapter 8",
Roots and tubers,potato,Potato,0.4,0.6,0.35,"p_adj = min(max(p_table22 + 0.04*(5 - ETc_mm_day), 0.1), 0.8)","FAO Irrigation and Drainage Paper 56, Table 22, Chapter 8",
Roots and tubers,sweet_potato,Sweet Potato,1.0,1.5,0.65,"p_adj = min(max(p_table22 + 0.04*(5 - ETc_mm_day), 0.1), 0.8)","FAO Irrigation and Drainage Paper 56, Table 22, Chapter 8",
Roots and tubers,turnip_rutabaga,Turnip (and Rutabaga),0.5,1.0,0.5,"p_adj = min(max(p_table22 + 0.04*(5 - ETc_mm_day), 0.1), 0.8)","FAO Irrigation and Drainage Paper 56, Table 22, Chapter 8",
Roots and tubers,sugar_beet,Sugar Beet,0.7,1.2,0.55,"p_adj = min(max(p_table22 + 0.04*(5 - ETc_mm_day), 0.1), 0.8)","FAO Irrigation and Drainage Paper 56, Table 22, Chapter 8","Sugar beets can show late afternoon wilting in arid climates even at p < 0.55, usually with minor impact on sugar yield."
Legumes,beans_green,"Beans, green",0.5,0.7,0.45,"p_adj = min(max(p_table22 + 0.04*(5 - ETc_mm_day), 0.1), 0.8)","FAO Irrigation and Drainage Paper 56, Table 22, Chapter 8",
Legumes,beans_dry_and_pulses,"Beans, dry and Pulses",0.6,0.9,0.45,"p_adj = min(max(p_table22 + 0.04*(5 - ETc_mm_day), 0.1), 0.8)","FAO Irrigation and Drainage Paper 56, Table 22, Chapter 8",
Legumes,beans_lima_large_vines,"Beans, lima, large vines",0.8,1.2,0.45,"p_adj = min(max(p_table22 + 0.04*(5 - ETc_mm_day), 0.1), 0.8)","FAO Irrigation and Drainage Paper 56, Table 22, Chapter 8",
Legumes,chick_pea,Chick pea,0.6,1.0,0.5,"p_adj = min(max(p_table22 + 0.04*(5 - ETc_mm_day), 0.1), 0.8)","FAO Irrigation and Drainage Paper 56, Table 22, Chapter 8",
Legumes,fababean_fresh,Fababean (broad bean) - Fresh,0.5,0.7,0.45,"p_adj = min(max(p_table22 + 0.04*(5 - ETc_mm_day), 0.1), 0.8)","FAO Irrigation and Drainage Paper 56, Table 22, Chapter 8",
Legumes,fababean_dry_seed,Fababean (broad bean) - Dry/Seed,0.5,0.7,0.45,"p_adj = min(max(p_table22 + 0.04*(5 - ETc_mm_day), 0.1), 0.8)","FAO Irrigation and Drainage Paper 56, Table 22, Chapter 8",
Legumes,garbanzo,Garbanzo,0.6,1.0,0.45,"p_adj = min(max(p_table22 + 0.04*(5 - ETc_mm_day), 0.1), 0.8)","FAO Irrigation and Drainage Paper 56, Table 22, Chapter 8",FAO-56 table text appears as 'Grabanzo'.
Legumes,green_gram_and_cowpeas,Green Gram and Cowpeas,0.6,1.0,0.45,"p_adj = min(max(p_table22 + 0.04*(5 - ETc_mm_day), 0.1), 0.8)","FAO Irrigation and Drainage Paper 56, Table 22, Chapter 8",
Legumes,groundnut_peanut,Groundnut (Peanut),0.5,1.0,0.5,"p_adj = min(max(p_table22 + 0.04*(5 - ETc_mm_day), 0.1), 0.8)","FAO Irrigation and Drainage Paper 56, Table 22, Chapter 8",
Legumes,lentil,Lentil,0.6,0.8,0.5,"p_adj = min(max(p_table22 + 0.04*(5 - ETc_mm_day), 0.1), 0.8)","FAO Irrigation and Drainage Paper 56, Table 22, Chapter 8",
Legumes,peas_fresh,Peas - Fresh,0.6,1.0,0.35,"p_adj = min(max(p_table22 + 0.04*(5 - ETc_mm_day), 0.1), 0.8)","FAO Irrigation and Drainage Paper 56, Table 22, Chapter 8",
Legumes,peas_dry_seed,Peas - Dry/Seed,0.6,1.0,0.4,"p_adj = min(max(p_table22 + 0.04*(5 - ETc_mm_day), 0.1), 0.8)","FAO Irrigation and Drainage Paper 56, Table 22, Chapter 8",
Legumes,soybeans,Soybeans,0.6,1.3,0.5,"p_adj = min(max(p_table22 + 0.04*(5 - ETc_mm_day), 0.1), 0.8)","FAO Irrigation and Drainage Paper 56, Table 22, Chapter 8",
Perennial vegetables,artichokes,Artichokes,0.6,0.9,0.45,"p_adj = min(max(p_table22 + 0.04*(5 - ETc_mm_day), 0.1), 0.8)","FAO Irrigation and Drainage Paper 56, Table 22, Chapter 8",With winter dormancy and initially bare or mulched soil.
Perennial vegetables,asparagus,Asparagus,1.2,1.8,0.45,"p_adj = min(max(p_table22 + 0.04*(5 - ETc_mm_day), 0.1), 0.8)","FAO Irrigation and Drainage Paper 56, Table 22, Chapter 8",With winter dormancy and initially bare or mulched soil.
Perennial vegetables,mint,Mint,0.4,0.8,0.4,"p_adj = min(max(p_table22 + 0.04*(5 - ETc_mm_day), 0.1), 0.8)","FAO Irrigation and Drainage Paper 56, Table 22, Chapter 8",With winter dormancy and initially bare or mulched soil.
Perennial vegetables,strawberries,Strawberries,0.2,0.3,0.2,"p_adj = min(max(p_table22 + 0.04*(5 - ETc_mm_day), 0.1), 0.8)","FAO Irrigation and Drainage Paper 56, Table 22, Chapter 8",With winter dormancy and initially bare or mulched soil.
Fibre crops,cotton,Cotton,1.0,1.7,0.65,"p_adj = min(max(p_table22 + 0.04*(5 - ETc_mm_day), 0.1), 0.8)","FAO Irrigation and Drainage Paper 56, Table 22, Chapter 8",
Fibre crops,flax,Flax,1.0,1.5,0.5,"p_adj = min(max(p_table22 + 0.04*(5 - ETc_mm_day), 0.1), 0.8)","FAO Irrigation and Drainage Paper 56, Table 22, Chapter 8",
Fibre crops,sisal,Sisal,0.5,1.0,0.8,"p_adj = min(max(p_table22 + 0.04*(5 - ETc_mm_day), 0.1), 0.8)","FAO Irrigation and Drainage Paper 56, Table 22, Chapter 8",
Oil crops,castorbean,Castorbean (Ricinus),1.0,2.0,0.5,"p_adj = min(max(p_table22 + 0.04*(5 - ETc_mm_day), 0.1), 0.8)","FAO Irrigation and Drainage Paper 56, Table 22, Chapter 8",
Oil crops,rapeseed_canola,"Rapeseed, Canola",1.0,1.5,0.6,"p_adj = min(max(p_table22 + 0.04*(5 - ETc_mm_day), 0.1), 0.8)","FAO Irrigation and Drainage Paper 56, Table 22, Chapter 8",
Oil crops,safflower,Safflower,1.0,2.0,0.6,"p_adj = min(max(p_table22 + 0.04*(5 - ETc_mm_day), 0.1), 0.8)","FAO Irrigation and Drainage Paper 56, Table 22, Chapter 8",
Oil crops,sesame,Sesame,1.0,1.5,0.6,"p_adj = min(max(p_table22 + 0.04*(5 - ETc_mm_day), 0.1), 0.8)","FAO Irrigation and Drainage Paper 56, Table 22, Chapter 8",
Oil crops,sunflower,Sunflower,0.8,1.5,0.45,"p_adj = min(max(p_table22 + 0.04*(5 - ETc_mm_day), 0.1), 0.8)","FAO Irrigation and Drainage Paper 56, Table 22, Chapter 8",
Cereals,barley,Barley,1.0,1.5,0.55,"p_adj = min(max(p_table22 + 0.04*(5 - ETc_mm_day), 0.1), 0.8)","FAO Irrigation and Drainage Paper 56, Table 22, Chapter 8",
Cereals,oats,Oats,1.0,1.5,0.55,"p_adj = min(max(p_table22 + 0.04*(5 - ETc_mm_day), 0.1), 0.8)","FAO Irrigation and Drainage Paper 56, Table 22, Chapter 8",
Cereals,spring_wheat,Spring Wheat,1.0,1.5,0.55,"p_adj = min(max(p_table22 + 0.04*(5 - ETc_mm_day), 0.1), 0.8)","FAO Irrigation and Drainage Paper 56, Table 22, Chapter 8",
Cereals,winter_wheat,Winter Wheat,1.5,1.8,0.55,"p_adj = min(max(p_table22 + 0.04*(5 - ETc_mm_day), 0.1), 0.8)","FAO Irrigation and Drainage Paper 56, Table 22, Chapter 8",
Cereals,maize_field_grain_field_corn,"Maize, Field (grain) (field corn)",1.0,1.7,0.55,"p_adj = min(max(p_table22 + 0.04*(5 - ETc_mm_day), 0.1), 0.8)","FAO Irrigation and Drainage Paper 56, Table 22, Chapter 8",
Cereals,maize_sweet_sweet_corn,"Maize, Sweet (sweet corn)",0.8,1.2,0.5,"p_adj = min(max(p_table22 + 0.04*(5 - ETc_mm_day), 0.1), 0.8)","FAO Irrigation and Drainage Paper 56, Table 22, Chapter 8",
Cereals,millet,Millet,1.0,2.0,0.55,"p_adj = min(max(p_table22 + 0.04*(5 - ETc_mm_day), 0.1), 0.8)","FAO Irrigation and Drainage Paper 56, Table 22, Chapter 8",
Cereals,sorghum_grain,Sorghum - grain,1.0,2.0,0.55,"p_adj = min(max(p_table22 + 0.04*(5 - ETc_mm_day), 0.1), 0.8)","FAO Irrigation and Drainage Paper 56, Table 22, Chapter 8",
Cereals,sorghum_sweet,Sorghum - sweet,1.0,2.0,0.5,"p_adj = min(max(p_table22 + 0.04*(5 - ETc_mm_day), 0.1), 0.8)","FAO Irrigation and Drainage Paper 56, Table 22, Chapter 8",
Cereals,rice,Rice,0.5,1.0,0.2,"p_adj = min(max(p_table22 + 0.04*(5 - ETc_mm_day), 0.1), 0.8)","FAO Irrigation and Drainage Paper 56, Table 22, Chapter 8",FAO-56 footnote: p for rice is 0.20 of saturation.
Forages,alfalfa_hay,Alfalfa - for hay,1.0,2.0,0.55,"p_adj = min(max(p_table22 + 0.04*(5 - ETc_mm_day), 0.1), 0.8)","FAO Irrigation and Drainage Paper 56, Table 22, Chapter 8",
Forages,alfalfa_seed,Alfalfa - for seed,1.0,3.0,0.6,"p_adj = min(max(p_table22 + 0.04*(5 - ETc_mm_day), 0.1), 0.8)","FAO Irrigation and Drainage Paper 56, Table 22, Chapter 8",
Forages,bermuda_hay,Bermuda - for hay,1.0,1.5,0.55,"p_adj = min(max(p_table22 + 0.04*(5 - ETc_mm_day), 0.1), 0.8)","FAO Irrigation and Drainage Paper 56, Table 22, Chapter 8",
Forages,bermuda_spring_crop_for_seed,Bermuda - Spring crop for seed,1.0,1.5,0.6,"p_adj = min(max(p_table22 + 0.04*(5 - ETc_mm_day), 0.1), 0.8)","FAO Irrigation and Drainage Paper 56, Table 22, Chapter 8",
Forages,clover_hay_berseem,"Clover hay, Berseem",0.6,0.9,0.5,"p_adj = min(max(p_table22 + 0.04*(5 - ETc_mm_day), 0.1), 0.8)","FAO Irrigation and Drainage Paper 56, Table 22, Chapter 8",
Forages,rye_grass_hay,Rye Grass hay,0.6,1.0,0.6,"p_adj = min(max(p_table22 + 0.04*(5 - ETc_mm_day), 0.1), 0.8)","FAO Irrigation and Drainage Paper 56, Table 22, Chapter 8",
Forages,sudan_grass_hay_annual,Sudan Grass hay (annual),1.0,1.5,0.55,"p_adj = min(max(p_table22 + 0.04*(5 - ETc_mm_day), 0.1), 0.8)","FAO Irrigation and Drainage Paper 56, Table 22, Chapter 8",
Forages,grazing_pasture_rotated_grazing,Grazing Pasture - Rotated Grazing,0.5,1.5,0.6,"p_adj = min(max(p_table22 + 0.04*(5 - ETc_mm_day), 0.1), 0.8)","FAO Irrigation and Drainage Paper 56, Table 22, Chapter 8",
Forages,grazing_pasture_extensive_grazing,Grazing Pasture - Extensive Grazing,0.5,1.5,0.6,"p_adj = min(max(p_table22 + 0.04*(5 - ETc_mm_day), 0.1), 0.8)","FAO Irrigation and Drainage Paper 56, Table 22, Chapter 8",
Forages,turf_grass_cool_season,Turf grass - cool season,0.5,1.0,0.4,"p_adj = min(max(p_table22 + 0.04*(5 - ETc_mm_day), 0.1), 0.8)","FAO Irrigation and Drainage Paper 56, Table 22, Chapter 8","Cool season grass varieties include bluegrass, ryegrass and fescue; grass rooting depth is variable."
Forages,turf_grass_warm_season,Turf grass - warm season,0.5,1.0,0.5,"p_adj = min(max(p_table22 + 0.04*(5 - ETc_mm_day), 0.1), 0.8)","FAO Irrigation and Drainage Paper 56, Table 22, Chapter 8","Warm season varieties include bermuda grass, buffalo grass and St. Augustine grass; grass rooting depth is variable."
Sugar cane,sugar_cane,Sugar Cane,1.2,2.0,0.65,"p_adj = min(max(p_table22 + 0.04*(5 - ETc_mm_day), 0.1), 0.8)","FAO Irrigation and Drainage Paper 56, Table 22, Chapter 8",
Tropical fruits and trees,banana_1st_year,Banana - 1st year,0.5,0.9,0.35,"p_adj = min(max(p_table22 + 0.04*(5 - ETc_mm_day), 0.1), 0.8)","FAO Irrigation and Drainage Paper 56, Table 22, Chapter 8",
Tropical fruits and trees,banana_2nd_year,Banana - 2nd year,0.5,0.9,0.35,"p_adj = min(max(p_table22 + 0.04*(5 - ETc_mm_day), 0.1), 0.8)","FAO Irrigation and Drainage Paper 56, Table 22, Chapter 8",
Tropical fruits and trees,cacao,Cacao,0.7,1.0,0.3,"p_adj = min(max(p_table22 + 0.04*(5 - ETc_mm_day), 0.1), 0.8)","FAO Irrigation and Drainage Paper 56, Table 22, Chapter 8",
Tropical fruits and trees,coffee,Coffee,0.9,1.5,0.4,"p_adj = min(max(p_table22 + 0.04*(5 - ETc_mm_day), 0.1), 0.8)","FAO Irrigation and Drainage Paper 56, Table 22, Chapter 8",
Tropical fruits and trees,date_palms,Date Palms,1.5,2.5,0.5,"p_adj = min(max(p_table22 + 0.04*(5 - ETc_mm_day), 0.1), 0.8)","FAO Irrigation and Drainage Paper 56, Table 22, Chapter 8",
Tropical fruits and trees,palm_trees,Palm Trees,0.7,1.1,0.65,"p_adj = min(max(p_table22 + 0.04*(5 - ETc_mm_day), 0.1), 0.8)","FAO Irrigation and Drainage Paper 56, Table 22, Chapter 8",
Tropical fruits and trees,pineapple,Pineapple,0.3,0.6,0.5,"p_adj = min(max(p_table22 + 0.04*(5 - ETc_mm_day), 0.1), 0.8)","FAO Irrigation and Drainage Paper 56, Table 22, Chapter 8",
Tropical fruits and trees,rubber_trees,Rubber Trees,1.0,1.5,0.4,"p_adj = min(max(p_table22 + 0.04*(5 - ETc_mm_day), 0.1), 0.8)","FAO Irrigation and Drainage Paper 56, Table 22, Chapter 8",
Tropical fruits and trees,tea_non_shaded,Tea - non-shaded,0.9,1.5,0.4,"p_adj = min(max(p_table22 + 0.04*(5 - ETc_mm_day), 0.1), 0.8)","FAO Irrigation and Drainage Paper 56, Table 22, Chapter 8",
Tropical fruits and trees,tea_shaded,Tea - shaded,0.9,1.5,0.45,"p_adj = min(max(p_table22 + 0.04*(5 - ETc_mm_day), 0.1), 0.8)","FAO Irrigation and Drainage Paper 56, Table 22, Chapter 8",
Grapes and berries,berries_bushes,Berries (bushes),0.6,1.2,0.5,"p_adj = min(max(p_table22 + 0.04*(5 - ETc_mm_day), 0.1), 0.8)","FAO Irrigation and Drainage Paper 56, Table 22, Chapter 8",
Grapes and berries,grapes_table_or_raisin,Grapes - Table or Raisin,1.0,2.0,0.35,"p_adj = min(max(p_table22 + 0.04*(5 - ETc_mm_day), 0.1), 0.8)","FAO Irrigation and Drainage Paper 56, Table 22, Chapter 8",
Grapes and berries,grapes_wine,Grapes - Wine,1.0,2.0,0.45,"p_adj = min(max(p_table22 + 0.04*(5 - ETc_mm_day), 0.1), 0.8)","FAO Irrigation and Drainage Paper 56, Table 22, Chapter 8",
Grapes and berries,hops,Hops,1.0,1.2,0.5,"p_adj = min(max(p_table22 + 0.04*(5 - ETc_mm_day), 0.1), 0.8)","FAO Irrigation and Drainage Paper 56, Table 22, Chapter 8",
Fruit trees,almonds,Almonds,1.0,2.0,0.4,"p_adj = min(max(p_table22 + 0.04*(5 - ETc_mm_day), 0.1), 0.8)","FAO Irrigation and Drainage Paper 56, Table 22, Chapter 8",
Fruit trees,apples_cherries_pears,"Apples, Cherries, Pears",1.0,2.0,0.5,"p_adj = min(max(p_table22 + 0.04*(5 - ETc_mm_day), 0.1), 0.8)","FAO Irrigation and Drainage Paper 56, Table 22, Chapter 8",
Fruit trees,apricots_peaches_stone_fruit,"Apricots, Peaches, Stone Fruit",1.0,2.0,0.5,"p_adj = min(max(p_table22 + 0.04*(5 - ETc_mm_day), 0.1), 0.8)","FAO Irrigation and Drainage Paper 56, Table 22, Chapter 8",
Fruit trees,avocado,Avocado,0.5,1.0,0.7,"p_adj = min(max(p_table22 + 0.04*(5 - ETc_mm_day), 0.1), 0.8)","FAO Irrigation and Drainage Paper 56, Table 22, Chapter 8",
Fruit trees,citrus_70_percent_canopy,Citrus - 70% canopy,1.2,1.5,0.5,"p_adj = min(max(p_table22 + 0.04*(5 - ETc_mm_day), 0.1), 0.8)","FAO Irrigation and Drainage Paper 56, Table 22, Chapter 8",
Fruit trees,citrus_50_percent_canopy,Citrus - 50% canopy,1.1,1.5,0.5,"p_adj = min(max(p_table22 + 0.04*(5 - ETc_mm_day), 0.1), 0.8)","FAO Irrigation and Drainage Paper 56, Table 22, Chapter 8",
Fruit trees,citrus_20_percent_canopy,Citrus - 20% canopy,0.8,1.1,0.5,"p_adj = min(max(p_table22 + 0.04*(5 - ETc_mm_day), 0.1), 0.8)","FAO Irrigation and Drainage Paper 56, Table 22, Chapter 8",
Fruit trees,conifer_trees,Conifer Trees,1.0,1.5,0.7,"p_adj = min(max(p_table22 + 0.04*(5 - ETc_mm_day), 0.1), 0.8)","FAO Irrigation and Drainage Paper 56, Table 22, Chapter 8",
Fruit trees,kiwi,Kiwi,0.7,1.3,0.35,"p_adj = min(max(p_table22 + 0.04*(5 - ETc_mm_day), 0.1), 0.8)","FAO Irrigation and Drainage Paper 56, Table 22, Chapter 8",
Fruit trees,olives_40_60_percent_canopy,Olives (40 to 60% ground coverage by canopy),1.2,1.7,0.65,"p_adj = min(max(p_table22 + 0.04*(5 - ETc_mm_day), 0.1), 0.8)","FAO Irrigation and Drainage Paper 56, Table 22, Chapter 8",
Fruit trees,pistachios,Pistachios,1.0,1.5,0.4,"p_adj = min(max(p_table22 + 0.04*(5 - ETc_mm_day), 0.1), 0.8)","FAO Irrigation and Drainage Paper 56, Table 22, Chapter 8",
Fruit trees,walnut_orchard,Walnut Orchard,1.7,2.4,0.5,"p_adj = min(max(p_table22 + 0.04*(5 - ETc_mm_day), 0.1), 0.8)","FAO Irrigation and Drainage Paper 56, Table 22, Chapter 8",
