asap0_id;name0_shr;crop_name;sos_s;sos_e;eos_s;eos_e
13;Kyrgyzstan;Wheat (Spring);6;12;29;33
20;Bangladesh;Rice (Aman);15;23;29;36
20;Bangladesh;Rice (Aus);4;13;16;23
20;Bangladesh;Rice (Boro);34;6;10;15
20;Bangladesh;Sorghum;15;28;33;36
29;Sudan;Millet;14;22;29;36
29;Sudan;Sorghum;14;22;29;36
33;Mozambique;Maize;31;34;19;23
33;Mozambique;Sorghum;30;36;14;18
35;Cuba;Rice (Main);8;14;19;22
35;Cuba;Sweet Potatoes;23;25;33;3
41;Laos;Rice (Wet season);13;22;32;3
51;Madagascar;Rice;30;2;15;20
51;Madagascar;Sorghum;32;1;21;24
52;El Salvador;Beans (Main);11;13;20;24
52;El Salvador;Beans (Second);23;26;34;36
52;El Salvador;Maize (Main);12;17;22;24
52;El Salvador;Maize (Second);24;27;1;3
59;Mali;Maize;12;21;29;35
59;Mali;Millet;12;21;29;35
59;Mali;Rice (Rainfed);16;21;33;3
59;Mali;Sorghum;12;21;29;35
61;Central Africa;Cassava;8;17;32;36
61;Central Africa;Rice (South);13;17;32;33
66;Ghana;Cassava (Year1, year2);4;10;15;24
66;Ghana;Maize (Second);23;28;34;2
66;Ghana;Maize (South/Main);7;10;20;24
66;Ghana;Millet;13;17;31;33
66;Ghana;Rice (North);13;17;31;36
66;Ghana;Sorghum;13;17;31;33
66;Ghana;Yams;4;10;20;24
67;Afghanistan;Rice;17;20;26;33
67;Afghanistan;Wheat (Spring);5;9;22;27
68;Haiti;Beans (Main);7;12;16;18
68;Haiti;Maize (Main);7;12;16;24
68;Haiti;Maize (Second);8;9;16;21
68;Haiti;Rice (Main);7;12;16;24
68;Haiti;Sorghum;22;26;36;5
74;Tanzania;Maize (Maika/Bimodal);6;9;17;24
74;Tanzania;Maize (Maimu/Unimodal);30;36;13;20
74;Tanzania;Maize (Vuli/Bimodal);25;31;1;5
74;Tanzania;Millet (Maika/Bimodal);6;9;17;24
74;Tanzania;Rice (Msimu/Unimodal);34;36;13;20
74;Tanzania;Sorghum (Maika/Bimodal);6;9;17;24
74;Tanzania;Sorghum (Maimu/Unimodal);30;36;13;20
77;Botswana;Maize;30;34;14;19
77;Botswana;Millet;30;34;14;19
77;Botswana;Sorghum;32;34;14;18
78;Iraq;Barley;29;36;10;16
78;Iraq;Wheat;32;35;12;16
79;Egypt;Barley;29;35;9;14
79;Egypt;Millet;15;19;23;29
79;Egypt;Wheat;25;35;9;15
80;Niger;Cowpea;17;20;28;36
80;Niger;Groundnut;17;20;28;36
80;Niger;Maize;17;20;28;36
80;Niger;Millet;17;20;28;36
80;Niger;Rice (Rainfed);17;20;28;36
80;Niger;Sorghum;17;20;28;36
81;Myanmar;Maize;34;36;6;10
81;Myanmar;Potatoes;9;13;17;20
81;Myanmar;Rice (Main);20;24;30;4
81;Myanmar;Rice (Second);34;36;6;10
82;Senegal;Groundnut;16;21;31;5
82;Senegal;Maize;16;21;30;34
82;Senegal;Millet;18;21;30;33
82;Senegal;Rice;16;21;31;3
82;Senegal;Sorghum;18;21;30;33
83;Ecuador;Barley;32;4;18;27
83;Ecuador;Maize;32;36;18;26
83;Ecuador;Rice;1;5;15;16
83;Ecuador;Wheat;2;4;18;26
88;South Sudan;Maize (Unimodal);10;15;31;36
88;South Sudan;Sorghum (Unimodal);10;15;31;36
90;Mauritania;Maize;18;21;28;34
90;Mauritania;Millet;18;21;28;34
90;Mauritania;Rice (Irrigated);18;21;28;34
90;Mauritania;Sorghum;18;21;28;2
92;Angola;Maize;25;31;15;18
92;Angola;Millet;29;33;15;18
92;Angola;Sorghum;31;33;15;18
93;Nicaragua;Beans (Main);12;16;19;24
93;Nicaragua;Maize (Main);13;18;22;27
93;Nicaragua;Rice (Highland);13;18;24;30
93;Nicaragua;Sorghum (Main);14;20;25;33
96;Eritrea;Barley;17;20;29;36
96;Eritrea;Maize;17;20;29;36
96;Eritrea;Millet;17;20;29;36
96;Eritrea;Sorghum;17;20;29;36
96;Eritrea;Wheat;17;20;29;36
100;Honduras;Maize (Main);11;15;20;28
100;Honduras;Maize (Second);24;26;35;6
100;Honduras;Sorghum;10;14;34;3
105;Algeria;Barley;27;2;15;18
105;Algeria;Sorghum;27;2;15;18
105;Algeria;Wheat;27;2;15;18
108;Bolivia;Barley (Second);34;36;13;17
108;Bolivia;Maize;27;34;11;16
108;Bolivia;Potatoes;27;34;11;16
108;Bolivia;Rice;29;36;7;11
108;Bolivia;Soybean;31;34;11;16
108;Bolivia;Sweet Potatoes;32;36;14;23
108;Bolivia;Wheat (Andinean);32;35;12;15
111;Zambia;Maize;28;34;13;19
111;Zambia;Sorghum;32;35;13;18
112;Côte d'Ivoire;Cassava (Year1, year2);5;10;15;18
112;Côte d'Ivoire;Maize (Main);6;10;20;22
112;Côte d'Ivoire;Maize (Second);21;27;34;2
112;Côte d'Ivoire;Rice;8;12;33;36
112;Côte d'Ivoire;Yams;4;10;17;22
117;Guatemala;Maize (Main);10;15;20;32
117;Guatemala;Maize (Second);23;28;34;6
117;Guatemala;Rice;10;18;25;30
117;Guatemala;Sorghum (Main);10;15;20;32
117;Guatemala;Sorghum (Second);23;28;34;6
117;Guatemala;Wheat;11;17;26;32
118;Togo;Maize (Main);6;11;20;23
118;Togo;Maize (Second);23;27;33;1
118;Togo;Millet;13;17;31;34
118;Togo;Rice;13;17;31;34
118;Togo;Sorghum;13;17;31;34
118;Togo;Yams;6;11;18;23
120;Morocco;Barley;30;35;10;20
120;Morocco;Wheat;30;35;10;17
121;Tunisia;Barley;27;35;13;17
121;Tunisia;Wheat;27;35;13;17
126;Philippines;Maize (Main);10;17;19;26
126;Philippines;Maize (Second);28;36;4;11
126;Philippines;Potatoes;10;20;22;32
126;Philippines;Rice (Main);11;17;26;35
126;Philippines;Rice (Second);28;35;2;11
128;Iran;Barley;26;2;10;12
129;Namibia;Maize;32;36;14;18
129;Namibia;Millet;32;36;14;18
129;Namibia;Sorghum;32;36;14;18
131;Gambia;Groundnut;16;20;32;3
131;Gambia;Millet;16;20;32;34
131;Gambia;Rice;16;20;32;34
131;Gambia;Sorghum;16;20;32;34
132;Cambodia;Maize;13;18;19;27
132;Cambodia;Rice (Dry season);30;2;6;10
132;Cambodia;Rice (Main wet season);21;29;34;5
133;Lesotho;Maize;28;34;13;17
134;Viet Nam;Rice (10th Month/North);17;24;27;36
134;Viet Nam;Rice (Summer-Autumn);10;18;19;30
134;Viet Nam;Rice (Winter-Spring/North);1;9;12;20
134;Viet Nam;Rice (Winter-Spring/South);35;5;9;14
135;Cameroon;Cassava;12;18;34;3
135;Cameroon;Maize (Main);7;11;18;23
135;Cameroon;Maize (Second);23;27;33;2
135;Cameroon;Millet;12;19;29;33
135;Cameroon;Rice;12;19;31;36
135;Cameroon;Sorghum;12;19;29;33
135;Cameroon;Yams;8;11;32;36
141;South Africa;Barley;11;16;29;35
141;South Africa;Maize (East);29;32;11;13
141;South Africa;Millet;24;35;11;20
141;South Africa;Soybean;29;35;11;17
141;South Africa;Wheat;13;16;28;33
142;Congo;Maize (Main);25;29;34;4
142;Congo;Maize (Second);2;9;16;21
142;Congo;Yams;4;11;19;21
148;Malawi;Maize;30;34;14;17
148;Malawi;Rice;30;36;14;21
148;Malawi;Sorghum;34;36;16;18
150;Burundi;Beans (A season);26;30;1;4
150;Burundi;Beans (B season);6;9;18;19
150;Burundi;Maize (A season));26;31;1;8
150;Burundi;Maize (B season);6;9;18;21
150;Burundi;Sorghum (A season);26;31;1;8
150;Burundi;Sorghum (B season);6;9;18;21
155;Nigeria;Maize (Second);23;27;33;3
155;Nigeria;Maize (South/Main);6;13;18;23
155;Nigeria;Millet;16;19;28;32
155;Nigeria;Rice (Irrigated);23;27;33;3
155;Nigeria;Rice (Rainfed);11;19;29;32
155;Nigeria;Sorghum;11;19;29;35
156;Somalia;Maize (Der);27;30;36;4
156;Somalia;Maize (Gu);9;12;17;25
156;Somalia;Sorghum (Der);27;30;36;4
156;Somalia;Sorghum (Gu);9;12;17;25
157;D.R. Congo;Cassava (North);21;24;33;5
157;D.R. Congo;Cassava (South);1;6;14;20
157;D.R. Congo;Maize (Centre/Main);21;27;31;3
157;D.R. Congo;Maize (North/Second);4;9;16;21
157;D.R. Congo;Maize (South/Main);25;30;1;6
157;D.R. Congo;Maize (South/Second);1;6;14;18
157;D.R. Congo;Rice (North);1;9;16;21
157;D.R. Congo;Yams;4;9;19;21
160;Liberia;Rice;23;26;35;1
160;Liberia;Yams;5;9;17;19
161;North Korea;Maize;9;16;28;32
161;North Korea;Rice;9;16;28;32
161;North Korea;Sorghum;9;16;28;32
161;North Korea;Soybean;9;16;28;32
163;Kenya;Barley (Short rains);28;33;4;5
163;Kenya;Beans (Long rains);9;12;24;27
163;Kenya;Beans (Short rains);28;33;4;5
163;Kenya;Maize (Long rains);9;12;28;36
163;Kenya;Maize (Short rains);28;33;4;5
163;Kenya;Millet (Long rains);7;11;16;27
163;Kenya;Millet (Short rains);28;33;4;5
163;Kenya;Sorghum (Long rains);7;11;22;27
163;Kenya;Sorghum (Short rains);28;33;4;5
164;Yemen;Sorghum;7;16;30;33
165;Timor-Leste;Rice (Main);32;35;18;23
168;Sierra Leone;Cassava (Year1, year2);7;13;18;21
168;Sierra Leone;Rice;23;25;35;3
176;Libya;Barley;28;35;10;14
176;Libya;Wheat;29;35;12;14
179;Rwanda;Beans (A season);25;30;34;3
179;Rwanda;Beans (B season);6;9;18;19
179;Rwanda;Maize (A season));25;30;1;6
179;Rwanda;Maize (B season);6;9;18;21
179;Rwanda;Sorghum (A season);25;30;1;6
179;Rwanda;Sorghum (B season);6;9;18;21
180;Guinea-Bissau;Rice;14;18;35;5
183;Indonesia;Maize (Dry season);10;15;21;27
183;Indonesia;Maize (Rainy season);28;36;4;9
183;Indonesia;Rice (Main);28;36;4;12
183;Indonesia;Rice (Off-season);8;15;19;29
185;Ethiopia;Barley (Meher);13;20;30;36
185;Ethiopia;Cereals all (Belg);7;10;14;23
185;Ethiopia;Maize (Meher);7;12;30;36
185;Ethiopia;Millet (Meher);13;20;31;2
185;Ethiopia;Oats (Meher);19;25;28;3
185;Ethiopia;Sorghum (Meher);7;14;30;34
185;Ethiopia;Teff (Meher);13;20;30;36
185;Ethiopia;Wheat (Meher);13;20;30;36
188;Kazakhstan;Barley (Spring);9;11;29;31
188;Kazakhstan;Cereals;9;11;29;31
188;Kazakhstan;Wheat (Spring);9;11;29;31
189;Thailand;Maize;9;15;18;26
189;Thailand;Rice (Main);11;24;31;5
189;Thailand;Rice (Second);1;8;12;20
189;Thailand;Sorghum;13;26;30;36
190;Nepal;Millet;17;22;27;35
190;Nepal;Rice;13;22;28;35
190;Nepal;Wheat;32;36;7;10
192;Colombia;Barley;7;14;17;26
192;Colombia;Maize;7;11;22;27
192;Colombia;Rice;7;10;23;29
192;Colombia;Sorghum;7;11;14;23
192;Colombia;Soybean;22;26;35;7
192;Colombia;Wheat;7;12;17;26
193;Guinea;Cassava (Year1, year2);7;14;16;21
193;Guinea;Maize;13;17;32;35
193;Guinea;Millet;13;17;32;35
193;Guinea;Rice;13;17;32;3
193;Guinea;Sorghum;13;17;32;35
193;Guinea;Yams;7;12;32;2
195;Benin;Maize (Main);9;12;32;34
195;Benin;Maize (Second);23;26;33;36
195;Benin;Millet;13;18;32;34
195;Benin;Rice (Irrigated);13;18;32;34
195;Benin;Sorghum;13;18;32;34
195;Benin;Yams;6;10;19;22
199;Pakistan;Barley;30;34;8;12
199;Pakistan;Maize;14;23;26;33
199;Pakistan;Millet;17;23;26;31
199;Pakistan;Potatoes;1;7;10;16
199;Pakistan;Rice;15;21;27;34
199;Pakistan;Sorghum;17;21;25;30
199;Pakistan;Wheat (Winter);30;36;9;15
206;Peru;Barley;30;4;13;23
206;Peru;Maize (White);28;36;13;24
206;Peru;Maize (Yellow);24;33;13;21
206;Peru;Rice;34;5;14;23
206;Peru;Soybean;29;36;13;17
206;Peru;Wheat;32;5;13;23
209;Uganda;Beans (South/Main);6;9;16;21
209;Uganda;Maize (North);9;14;19;27
209;Uganda;Maize (South/Main);6;9;16;21
209;Uganda;Maize (South/Second);25;30;36;3
209;Uganda;Millet (South/Main);6;9;16;24
209;Uganda;Millet (South/Second);25;30;36;3
210;Swaziland;Maize;27;31;15;18
212;Chad;Maize;16;20;28;30
212;Chad;Millet;16;20;28;30
212;Chad;Rice;14;20;28;35
212;Chad;Sorghum;14;20;28;35
218;Zimbabwe;Maize;29;34;14;21
219;Burkina Faso;Maize;12;18;31;33
219;Burkina Faso;Millet;13;19;31;35
219;Burkina Faso;Sorghum;13;19;31;35
221;Syria;Barley;29;1;13;18
221;Syria;Wheat;29;1;13;18
